age,gender,marital_status,education,monthly_salary,employment_type,years_of_employment,company_type,house_type,monthly_rent,family_size,dependents,school_fees,college_fees,travel_expenses,groceries_utilities,other_monthly_expenses,existing_loans,current_emi_amount,credit_score,bank_balance,emergency_fund,emi_scenario,requested_amount,requested_tenure,emi_eligibility,max_monthly_emi,debt_to_income_ratio,expense_to_income_ratio,affordability_ratio,employment_stability_score,financial_stability_score,credit_utilization,dependency_ratio,age_group,income_category,gender_encoded,marital_status_encoded,existing_loans_encoded,education_Graduate,education_High School,education_Post Graduate,education_Professional,employment_type_Government,employment_type_Private,employment_type_Self-employed,company_type_Large Indian,company_type_MNC,company_type_Mid-size,company_type_Small,company_type_Startup,house_type_Family,house_type_Own,house_type_Rented,emi_scenario_E-commerce Shopping EMI,emi_scenario_Education EMI,emi_scenario_Home Appliances EMI,emi_scenario_Personal Loan EMI,emi_scenario_Vehicle EMI,age_group_Adult,age_group_Middle_Age,age_group_Senior,age_group_Unknown,age_group_Young,income_category_High,income_category_Medium,income_category_Premium
380,Female,Married,Graduate,215000,Private,7.0,MNC,Family,0.0,2,1,5100.0,0.0,1400.0,5400.0,3500.0,Yes,4100.0,714.0,925000.0,26900.0,E-commerce Shopping EMI,128000.0,19,Not_Eligible,700.0,0.019069767441860466,0.07162790697674419,8.038651315789473,2.1,1.796,100.0,0.5,Unknown,Premium,2,0,1,True,False,False,False,False,True,False,False,True,False,False,False,True,False,False,True,False,False,False,False,False,False,False,True,False,False,False,True
580,Female,Married,High School,668000,Private,2.2,Mid-size,Own,0.0,5,4,11400.0,0.0,6200.0,11900.0,7900.0,No,0.0,685.0,4409000.0,178100.0,Vehicle EMI,304000.0,83,Eligible,16170.0,0.0,0.05598802395209581,2.4992073557387444,0.66,2.8000898203592812,0.0,0.8,Unknown,Premium,2,0,0,False,True,False,False,False,True,False,False,False,True,False,False,False,True,False,False,False,False,False,True,False,False,False,True,False,False,False,True
480,Female,Married,Professional,573000,Private,3.4,Mid-size,Family,0.0,4,3,9400.0,21300.0,3600.0,16200.0,8100.0,No,0.0,770.0,973000.0,28200.0,Home Appliances EMI,252000.0,7,Not_Eligible,500.0,0.0,0.10226876090750436,29.160997732426303,1.02,0.708760907504363,0.0,0.75,Unknown,Premium,2,0,0,False,False,False,True,False,True,False,False,False,True,False,False,True,False,False,False,False,True,False,False,False,False,False,True,False,False,False,True
580,Male,Single,High School,271000,Private,36.0,Large Indian,Own,0.0,3,2,10200.0,0.0,1600.0,7300.0,4100.0,No,0.0,741.0,680000.0,36200.0,Home Appliances EMI,280000.0,11,Not_Eligible,1950.0,0.0,0.08560885608856089,8.045454545454547,10.799999999999999,1.083837638376384,0.0,0.6666666666666666,Unknown,Premium,5,1,0,False,True,False,False,False,True,False,True,False,False,False,False,False,True,False,False,False,True,False,False,False,False,False,True,False,False,False,True
580,Female,Married,Professional,477000,Private,36.0,Large Indian,Family,0.0,3,2,15000.0,0.0,6100.0,7300.0,8300.0,No,0.0,712.0,2356000.0,81800.0,E-commerce Shopping EMI,106000.0,14,Not_Eligible,5500.0,0.0,0.0769392033542977,29.669811320754718,10.799999999999999,2.078574423480084,0.0,0.6666666666666666,Unknown,Premium,2,0,0,False,False,False,True,False,True,False,True,False,False,False,False,True,False,False,True,False,False,False,False,False,False,False,True,False,False,False,True
320,Female,Single,Post Graduate,586000,Government,7.5,Mid-size,Family,0.0,2,1,0.0,8900.0,3100.0,11000.0,9300.0,Yes,7100.0,791.0,3007000.0,101500.0,Vehicle EMI,518000.0,77,Not_Eligible,8870.4,0.012116040955631398,0.05511945392491468,1.3704056561199418,2.95,2.156484641638225,100.0,0.5,Unknown,Premium,2,1,1,False,False,True,False,True,False,False,False,False,True,False,False,True,False,False,False,False,False,False,True,False,False,False,True,False,False,False,True
380,Female,Married,Graduate,470000,Private,3.7,Large Indian,Rented,13100.0,3,2,0.0,15300.0,6800.0,8900.0,2500.0,Yes,11300.0,560.0,1851000.0,48700.0,Personal Loan EMI,650000.0,41,Not_Eligible,500.0,0.02404255319148936,0.09914893617021277,1.5463414634146342,1.11,1.6374893617021278,100.0,0.6666666666666666,Unknown,Premium,2,0,1,True,False,False,False,False,True,False,True,False,False,False,False,False,False,True,False,False,False,True,False,False,False,False,True,False,False,False,True
320,male,Married,Graduate,118370,Private,1.3,Large Indian,Rented,11700.0,4,3,0.0,0.0,3800.0,14000.0,3400.0,No,0.0,695.0,1296000.0,70900.0,E-commerce Shopping EMI,30000.0,12,Eligible,13440.0,0.0,0.2779420461265523,23.741666666666667,0.39,4.738869646025176,0.0,0.75,Unknown,Premium,7,0,0,True,False,False,False,False,True,False,True,False,False,False,False,False,False,True,True,False,False,False,False,False,False,False,True,False,False,False,True
480,Male,Married,Professional,539000,Self-employed,3.2,MNC,Own,0.0,4,3,0.0,20300.0,4000.0,10500.0,3900.0,Yes,6300.0,691.0,3505000.0,183700.0,Home Appliances EMI,221000.0,15,Not_Eligible,3083.85,0.011688311688311689,0.07179962894248608,14.901960784313726,0.96,2.8056029684601116,100.0,0.75,Unknown,Premium,5,0,1,False,False,False,True,False,False,True,False,True,False,False,False,False,True,False,False,False,True,False,False,False,False,False,True,False,False,False,True
270,Female,Married,Post Graduate,1108000,Government,0.5,MNC,Family,0.0,4,3,10900.0,0.0,6200.0,27700.0,9000.0,No,0.0,788.0,1573000.0,40500.0,E-commerce Shopping EMI,83000.0,21,Eligible,27360.0,0.0,0.048555956678700364,60.48192771084337,0.85,0.5898014440433212,0.0,0.75,Unknown,Premium,2,0,0,False,False,True,False,True,False,False,False,True,False,False,False,True,False,False,True,False,False,False,False,False,False,False,True,False,False,False,True
480,Female,Married,Post Graduate,640000,Self-employed,26.0,MNC,Rented,17600.0,2,1,0.0,0.0,4900.0,14000.0,8400.0,Yes,18600.0,664.0,387000.0,12300.0,Personal Loan EMI,650000.0,60,Not_Eligible,500.0,0.0290625,0.07015625,1.4782051282051283,7.8,0.25340625000000006,100.0,0.5,Unknown,Premium,2,0,1,False,False,True,False,False,False,True,False,True,False,False,False,False,False,True,False,False,False,True,False,False,False,False,True,False,False,False,True
380,Female,Married,Post Graduate,475000,Private,0.5,MNC,Own,0.0,4,3,9100.0,0.0,3200.0,13500.0,6900.0,No,0.0,719.0,1343000.0,42700.0,Home Appliances EMI,226000.0,35,Not_Eligible,5920.0,0.0,0.0688421052631579,5.591656131479141,0.15,1.1848842105263158,0.0,0.75,Unknown,Premium,2,0,0,False,False,True,False,False,True,False,False,True,False,False,False,False,True,False,False,False,True,False,False,False,False,False,True,False,False,False,True
480,Male,Married,Post Graduate,656000,Private,0.9,MNC,Family,0.0,2,1,10800.0,0.0,9600.0,18500.0,7600.0,Yes,13600.0,663.0,4866000.0,271400.0,Personal Loan EMI,689000.0,57,Not_Eligible,1694.0,0.020731707317073172,0.07088414634146341,1.5173274259669494,0.27,3.2153048780487805,100.0,0.5,Unknown,Premium,5,0,1,False,False,True,False,False,True,False,False,True,False,False,False,True,False,False,False,False,False,True,False,False,False,False,True,False,False,False,True
270,Female,Single,Post Graduate,673000,Government,0.8,MNC,Rented,16400.0,1,0,0.0,0.0,5600.0,17600.0,8000.0,No,0.0,765.0,4486000.0,142800.0,Education EMI,226000.0,36,Eligible,13002.0,0.0,0.07072808320950966,7.686823992133726,0.94,2.793580980683507,0.0,0.0,Unknown,Premium,2,1,0,False,False,True,False,True,False,False,False,True,False,False,False,False,False,True,False,True,False,False,False,False,False,False,True,False,False,False,True
380,Male,Married,Graduate,150000,Private,4.2,Large Indian,Rented,3800.0,3,2,9300.0,22400.0,1600.0,2600.0,1700.0,No,0.0,714.0,893000.0,45400.0,Home Appliances EMI,214000.0,7,Not_Eligible,500.0,0.0,0.276,7.249666221628838,1.26,2.5629333333333335,0.0,0.6666666666666666,Unknown,Premium,5,0,0,True,False,False,False,False,True,False,True,False,False,False,False,False,False,True,False,False,True,False,False,False,False,False,True,False,False,False,True
320,Male,Married,Professional,292000,Government,2.6,Mid-size,Rented,7200.0,5,4,0.0,0.0,2600.0,5500.0,4500.0,Yes,5200.0,804.0,1467000.0,82700.0,Vehicle EMI,897000.0,63,Not_Eligible,1764.0,0.01780821917808219,0.06780821917808219,0.4724743855178638,1.48,2.1795205479452058,100.0,0.8,Unknown,Premium,5,0,1,False,False,False,True,True,False,False,False,False,True,False,False,False,False,True,False,False,False,False,True,False,False,False,True,False,False,False,True
380,Female,Married,High School,616000,Private,3.9,MNC,Family,0.0,4,3,11700.0,0.0,3100.0,12700.0,12100.0,No,0.0,755.0,4817000.0,98300.0,E-commerce Shopping EMI,46000.0,7,Eligible,14520.0,0.0,0.06428571428571428,179.00621118012424,1.17,3.223668831168831,0.0,0.75,Unknown,Premium,2,0,0,False,True,False,False,False,True,False,False,True,False,False,False,True,False,False,True,False,False,False,False,False,False,False,True,False,False,False,True
320,Female,Married,Graduate,728000,Private,9.7,Startup,Own,0.0,3,2,5500.0,0.0,6100.0,11100.0,8200.0,No,0.0,808.0,3740000.0,155100.0,E-commerce Shopping EMI,156000.0,20,Eligible,25140.0,0.0,0.04244505494505495,22.34294871794872,2.9099999999999997,2.1827747252747254,0.0,0.6666666666666666,Unknown,Premium,2,0,0,True,False,False,False,False,True,False,False,False,False,False,True,False,True,False,True,False,False,False,False,False,False,False,True,False,False,False,True
480,Male,Married,Graduate,407000,Private,4.7,Mid-size,Own,0.0,3,2,0.0,0.0,5300.0,6500.0,3300.0,Yes,7800.0,710.0,1620000.0,65000.0,Vehicle EMI,612000.0,75,Not_Eligible,6230.0,0.019164619164619166,0.0371007371007371,0.8368191721132897,1.41,1.687960687960688,100.0,0.6666666666666666,Unknown,Premium,5,0,1,True,False,False,False,False,True,False,False,False,True,False,False,False,True,False,False,False,False,False,True,False,False,False,True,False,False,False,True
480,Male,Married,Graduate,950000,Private,9.6,Large Indian,Rented,14400.0,3,2,0.0,0.0,5500.0,19400.0,8000.0,No,0.0,769.0,3749000.0,188400.0,E-commerce Shopping EMI,156000.0,8,Eligible,28620.0,0.0,0.04978947368421053,72.33173076923077,2.88,1.6975157894736843,0.0,0.6666666666666666,Unknown,Premium,5,0,0,True,False,False,False,False,True,False,True,False,False,False,False,False,False,True,True,False,False,False,False,False,False,False,True,False,False,False,True
270,Male,Married,Graduate,1232000,Private,1.7,Large Indian,Own,0.0,3,2,5400.0,6500.0,8700.0,20300.0,16100.0,No,0.0,648.0,1121000.0,54900.0,Personal Loan EMI,378000.0,16,Not_Eligible,21184.0,0.0,0.04626623376623377,19.427910052910054,0.51,0.39069805194805196,0.0,0.6666666666666666,Unknown,Premium,5,0,0,True,False,False,False,False,True,False,True,False,False,False,False,False,True,False,False,False,False,True,False,False,False,False,True,False,False,False,True
480,Male,Married,Graduate,284000,Private,9.4,Startup,Own,0.0,4,3,0.0,15000.0,3000.0,5800.0,2300.0,Yes,5300.0,746.0,1498000.0,35900.0,Vehicle EMI,746000.0,23,Not_Eligible,500.0,0.018661971830985915,0.09190140845070423,1.472199557057932,2.82,2.185704225352113,100.0,0.75,Unknown,Premium,5,0,1,True,False,False,False,False,True,False,False,False,False,False,True,False,True,False,False,False,False,False,True,False,False,False,True,False,False,False,True
380,Male,Married,Graduate,298000,Self-employed,4.1,Small,Rented,7200.0,3,2,0.0,0.0,4200.0,6700.0,3300.0,Yes,6400.0,614.0,927000.0,33100.0,Personal Loan EMI,142000.0,49,Not_Eligible,504.0,0.021476510067114093,0.07181208053691275,3.883299798792757,1.2299999999999998,1.3109395973154363,100.0,0.6666666666666666,Unknown,Premium,5,0,1,True,False,False,False,False,False,True,False,False,False,True,False,False,False,True,False,False,False,True,False,False,False,False,True,False,False,False,True
320,Male,Married,High School,326000,Government,2.2,Mid-size,Own,0.0,4,3,0.0,12700.0,3300.0,5800.0,6400.0,No,0.0,819.0,2063000.0,57600.0,E-commerce Shopping EMI,96000.0,14,Not_Eligible,2904.0,0.0,0.08650306748466258,22.157738095238095,1.3599999999999999,2.6373006134969326,0.0,0.75,Unknown,Premium,5,0,0,False,True,False,False,True,False,False,False,False,True,False,False,False,True,False,True,False,False,False,False,False,False,False,True,False,False,False,True
380,Male,Single,Graduate,552000,Self-employed,1.0,Mid-size,Own,0.0,1,0,0.0,0.0,7100.0,8600.0,9900.0,No,0.0,570.0,1327000.0,61000.0,E-commerce Shopping EMI,39000.0,14,Eligible,10656.0,0.0,0.0463768115942029,96.41025641025641,0.3,1.0278985507246379,0.0,0.0,Unknown,Premium,5,1,0,True,False,False,False,False,False,True,False,False,True,False,False,False,True,False,True,False,False,False,False,False,False,False,True,False,False,False,True
320,Female,Married,Graduate,289000,Government,7.6,MNC,Rented,6700.0,4,3,8000.0,0.0,4300.0,5600.0,5100.0,Yes,7500.0,765.0,671000.0,21800.0,Education EMI,156000.0,8,Not_Eligible,500.0,0.025951557093425604,0.1027681660899654,20.17628205128205,2.9799999999999995,0.9739792387543252,100.0,0.75,Unknown,Premium,2,0,1,True,False,False,False,True,False,False,False,True,False,False,False,False,False,True,False,True,False,False,False,False,False,False,True,False,False,False,True
380,Male,Single,Graduate,376000,Private,2.5,MNC,Rented,10900.0,1,0,0.0,0.0,3900.0,10700.0,2900.0,Yes,6500.0,546.0,2381000.0,52600.0,Vehicle EMI,1023000.0,34,Not_Eligible,519.75,0.017287234042553192,0.07553191489361702,0.9806796618940832,0.75,2.6169148936170217,100.0,0.0,Unknown,Premium,5,1,1,True,False,False,False,False,True,False,False,True,False,False,False,False,False,True,False,False,False,False,True,False,False,False,True,False,False,False,True
380,Female,Single,Professional,537000,Government,1.6,Large Indian,Rented,18300.0,3,2,0.0,0.0,7100.0,11200.0,6300.0,No,0.0,702.0,1709000.0,38500.0,E-commerce Shopping EMI,24000.0,14,Eligible,5400.0,0.0,0.07988826815642458,147.05357142857142,1.18,1.3160148975791435,0.0,0.6666666666666666,Unknown,Premium,2,1,0,False,False,False,True,True,False,False,True,False,False,False,False,False,False,True,True,False,False,False,False,False,False,False,True,False,False,False,True
480,Male,Married,Professional,895000,Self-employed,17.1,Large Indian,Rented,16900.0,2,1,0.0,0.0,9700.0,26000.0,11600.0,No,0.0,718.0,6418000.0,314500.0,Education EMI,110000.0,45,Eligible,12523.5,0.0,0.071731843575419,16.783838383838383,5.13,3.0792178770949725,0.0,0.5,Unknown,Premium,5,0,0,False,False,False,True,False,False,True,True,False,False,False,False,False,False,True,False,True,False,False,False,False,False,False,True,False,False,False,True
380,Male,Married,High School,285000,Government,6.6,MNC,Own,0.0,5,4,14400.0,0.0,2800.0,8400.0,3700.0,No,0.0,681.0,688000.0,32800.0,Education EMI,149000.0,18,Not_Eligible,500.0,0.0,0.10280701754385965,9.53392990305742,2.6799999999999997,1.0346666666666668,0.0,0.8,Unknown,Premium,5,0,0,False,True,False,False,True,False,False,False,True,False,False,False,False,True,False,False,True,False,False,False,False,False,False,True,False,False,False,True
480,Male,Married,Graduate,491000,Private,0.5,Mid-size,Family,0.0,3,2,0.0,0.0,5800.0,13600.0,4400.0,Yes,9300.0,691.0,2360000.0,91400.0,Vehicle EMI,483000.0,59,Not_Eligible,4480.0,0.018940936863543787,0.048472505091649694,1.606835807277959,0.15,2.034297352342159,100.0,0.6666666666666666,Unknown,Premium,5,0,1,True,False,False,False,False,True,False,False,False,True,False,False,True,False,False,False,False,False,False,True,False,False,False,True,False,False,False,True
480,Female,Married,Graduate,604000,Private,12.6,Small,Rented,18000.0,4,3,0.0,14900.0,3800.0,13200.0,10600.0,No,0.0,694.0,4729000.0,253400.0,E-commerce Shopping EMI,10000.0,9,Not_Eligible,500.0,0.0,0.10016556291390728,603.8888888888889,3.78,3.383509933774835,0.0,0.75,Unknown,Premium,2,0,0,True,False,False,False,False,True,False,False,False,False,True,False,False,False,True,True,False,False,False,False,False,False,False,True,False,False,False,True
380,M,Married,Graduate,435000,Private,2.3,Large Indian,Rented,10200.0,4,3,3000.0,24000.0,4000.0,8800.0,5400.0,No,0.0,729.0,2980000.0,119000.0,E-commerce Shopping EMI,185000.0,14,Not_Eligible,500.0,0.0,0.12735632183908047,14.656370656370656,0.69,2.904367816091954,0.0,0.75,Unknown,Premium,3,0,0,True,False,False,False,False,True,False,True,False,False,False,False,False,False,True,True,False,False,False,False,False,False,False,True,False,False,False,True
320,Male,Married,Graduate,773000,Private,1.9,Small,Own,0.0,4,3,0.0,0.0,7500.0,19800.0,14200.0,No,0.0,732.0,5023000.0,198100.0,Vehicle EMI,934000.0,48,Not_Eligible,19690.0,0.0,0.0536869340232859,1.6316470378301213,0.57,2.752988357050453,0.0,0.75,Unknown,Premium,5,0,0,True,False,False,False,False,True,False,False,False,False,True,False,False,True,False,False,False,False,False,True,False,False,False,True,False,False,False,True
320,Male,Married,Professional,610000,Private,4.5,MNC,Own,0.0,3,2,12900.0,22000.0,4200.0,16500.0,9800.0,No,0.0,705.0,4401000.0,179700.0,E-commerce Shopping EMI,106000.0,22,Not_Eligible,500.0,0.0,0.10721311475409837,23.353344768439108,1.3499999999999999,3.0626557377049184,0.0,0.6666666666666666,Unknown,Premium,5,0,0,False,False,False,True,False,True,False,False,True,False,False,False,False,True,False,True,False,False,False,False,False,False,False,True,False,False,False,True
380,Male,Married,Post Graduate,578000,Government,11.3,MNC,Rented,9500.0,3,2,2400.0,0.0,5500.0,11400.0,3100.0,No,0.0,850.0,1691000.0,75300.0,E-commerce Shopping EMI,95000.0,7,High_Risk,17094.0,0.0,0.05519031141868512,82.12030075187971,4.09,1.2484083044982701,0.0,0.6666666666666666,Unknown,Premium,5,0,0,False,False,True,False,True,False,False,False,True,False,False,False,False,False,True,True,False,False,False,False,False,False,False,True,False,False,False,True
480,Female,Married,Graduate,310000,Private,1.0,Mid-size,Family,0.0,3,2,8300.0,0.0,1900.0,5300.0,4300.0,No,0.0,697.0,840000.0,17000.0,Home Appliances EMI,232000.0,7,Not_Eligible,5600.0,0.0,0.06387096774193549,17.86945812807882,0.3,1.116774193548387,0.0,0.6666666666666666,Unknown,Premium,2,0,0,True,False,False,False,False,True,False,False,False,True,False,False,True,False,False,False,False,True,False,False,False,False,False,True,False,False,False,True
380,Male,Married,Graduate,240000,Self-employed,0.7,Large Indian,Own,0.0,4,3,0.0,0.0,3200.0,4900.0,3500.0,No,0.0,670.0,1210000.0,63500.0,Education EMI,145000.0,13,Not_Eligible,5580.0,0.0,0.04833333333333333,12.116710875331565,0.21,2.175416666666667,0.0,0.75,Unknown,Premium,5,0,0,True,False,False,False,False,False,True,True,False,False,False,False,False,True,False,False,True,False,False,False,False,False,False,True,False,False,False,True
470,Male,Married,Graduate,932570,Self-employed,3.4,Mid-size,Rented,29500.0,2,1,10600.0,0.0,9300.0,22700.0,13000.0,No,0.0,718.0,2913000.0,129400.0,Vehicle EMI,316000.0,57,Not_Eligible,4275.0,0.0,0.09125320351287303,4.705029980013324,1.02,1.3327042474023398,0.0,0.5,Unknown,Premium,5,0,0,True,False,False,False,False,False,True,False,False,True,False,False,False,False,True,False,False,False,False,True,False,False,False,True,False,False,False,True
270,Female,Single,Graduate,991000,Self-employed,2.1,Large Indian,Family,0.0,1,0,0.0,0.0,8200.0,24200.0,5600.0,No,0.0,727.0,3785000.0,127100.0,Personal Loan EMI,955000.0,55,High_Risk,27495.0,0.0,0.03834510595358224,1.814374107567825,0.63,1.604702320887992,0.0,0.0,Unknown,Premium,2,1,0,True,False,False,False,False,False,True,True,False,False,False,False,True,False,False,False,False,False,True,False,False,False,False,True,False,False,False,True
380,Male,Married,Graduate,663000,Private,7.5,MNC,Family,0.0,4,3,0.0,0.0,6900.0,15300.0,4000.0,No,0.0,628.0,4896000.0,104900.0,Home Appliances EMI,165000.0,15,Eligible,17644.0,0.0,0.03951734539969834,25.729292929292928,2.25,3.0487782805429866,0.0,0.75,Unknown,Premium,5,0,0,True,False,False,False,False,True,False,False,True,False,False,False,True,False,False,False,False,True,False,False,False,False,False,True,False,False,False,True
320,Female,Married,Professional,601000,Private,1.0,MNC,Own,0.0,3,2,13800.0,17300.0,4600.0,14100.0,7600.0,Yes,11600.0,730.0,3212000.0,109600.0,Home Appliances EMI,180000.0,8,Not_Eligible,500.0,0.01930116472545757,0.09550748752079867,36.94444444444444,0.3,2.247188019966722,100.0,0.6666666666666666,Unknown,Premium,2,0,1,False,False,False,True,False,True,False,False,True,False,False,False,False,True,False,False,False,True,False,False,False,False,False,True,False,False,False,True
380,Male,Single,Graduate,401000,Private,1.3,Startup,Own,0.0,2,1,0.0,0.0,2800.0,6300.0,6600.0,No,0.0,745.0,1601000.0,42100.0,Vehicle EMI,845000.0,44,Not_Eligible,12200.0,0.0,0.03915211970074813,1.0363098440021516,0.39,1.6600000000000001,0.0,0.5,Unknown,Premium,5,1,0,True,False,False,False,False,True,False,False,False,False,False,True,False,True,False,False,False,False,False,True,False,False,False,True,False,False,False,True
270,Male,Single,Graduate,432000,Private,0.5,Large Indian,Rented,11500.0,2,1,0.0,0.0,6500.0,10400.0,3900.0,Yes,6300.0,668.0,240000.0,8600.0,Home Appliances EMI,59000.0,7,Not_Eligible,1030.4,0.014583333333333334,0.07476851851851851,95.25423728813558,0.15,0.2341666666666667,100.0,0.5,Unknown,Premium,5,1,1,True,False,False,False,False,True,False,True,False,False,False,False,False,False,True,False,False,True,False,False,False,False,False,True,False,False,False,True
270,Female,Married,High School,604000,Private,0.5,Startup,Rented,13900.0,3,2,12300.0,0.0,3500.0,15100.0,9700.0,Yes,12300.0,735.0,3557000.0,92600.0,Home Appliances EMI,115000.0,10,Not_Eligible,500.0,0.020364238410596026,0.0902317880794702,46.71304347826087,0.15,2.447615894039735,100.0,0.6666666666666666,Unknown,Premium,2,0,1,False,True,False,False,False,True,False,False,False,False,False,True,False,False,True,False,False,True,False,False,False,False,False,True,False,False,False,True
380,Male,Married,Graduate,644000,Private,12.4,MNC,Rented,11300.0,3,2,0.0,0.0,5300.0,19100.0,8800.0,No,0.0,716.0,552000.0,28400.0,Personal Loan EMI,334000.0,25,Not_Eligible,7960.0,0.0,0.06909937888198758,7.179640718562874,3.7199999999999998,0.3693167701863354,0.0,0.6666666666666666,Unknown,Premium,5,0,0,True,False,False,False,False,True,False,False,True,False,False,False,False,False,True,False,False,False,True,False,False,False,False,True,False,False,False,True
380,Female,Married,Post Graduate,348000,Private,2.8,Startup,Own,0.0,3,2,3900.0,0.0,2600.0,5900.0,5400.0,Yes,6700.0,678.0,516000.0,21800.0,Personal Loan EMI,716000.0,15,Not_Eligible,2884.0,0.019252873563218392,0.051149425287356325,3.0121042830540037,0.84,0.6306896551724138,100.0,0.6666666666666666,Unknown,Premium,2,0,1,False,False,True,False,False,True,False,False,False,False,False,True,False,True,False,False,False,False,True,False,False,False,False,True,False,False,False,True
270,Female,Single,Professional,497000,Private,0.5,Startup,Rented,16500.0,2,1,0.0,17900.0,2800.0,12900.0,5000.0,Yes,14600.0,578.0,2851000.0,142200.0,Education EMI,70000.0,6,Not_Eligible,500.0,0.02937625754527163,0.11086519114688129,101.73809523809523,0.15,2.466237424547284,100.0,0.5,Unknown,Premium,2,1,1,False,False,False,True,False,True,False,False,False,False,False,True,False,False,True,False,True,False,False,False,False,False,False,True,False,False,False,True
480,Male,Married,Post Graduate,466000,Private,0.5,Mid-size,Own,0.0,5,4,12900.0,21900.0,3000.0,9300.0,7000.0,No,0.0,762.0,688000.0,17900.0,E-commerce Shopping EMI,200000.0,24,Not_Eligible,500.0,0.0,0.11609442060085837,8.58125,0.15,0.6136051502145924,0.0,0.8,Unknown,Premium,5,0,0,False,False,True,False,False,True,False,False,False,True,False,False,False,True,False,True,False,False,False,False,False,False,False,True,False,False,False,True
380,MALE,Married,Graduate,609000,Self-employed,15.9,Large Indian,Rented,13700.0,3,2,8500.0,0.0,4600.0,15600.0,5700.0,Yes,9000.0,693.0,1933000.0,112000.0,E-commerce Shopping EMI,160000.0,18,Not_Eligible,1197.0,0.014778325123152709,0.07898193760262726,19.163194444444446,4.77,1.3799671592775042,100.0,0.6666666666666666,Unknown,Premium,4,0,1,True,False,False,False,False,False,True,True,False,False,False,False,False,False,True,True,False,False,False,False,False,False,False,True,False,False,False,True
320,Male,Married,Graduate,704000,Private,1.0,Startup,Family,0.0,3,2,0.0,18900.0,9100.0,18400.0,10200.0,No,0.0,756.0,3579000.0,173100.0,Education EMI,176000.0,10,Not_Eligible,8280.0,0.0,0.08039772727272727,36.784090909090914,0.3,2.1810511363636365,0.0,0.6666666666666666,Unknown,Premium,5,0,0,True,False,False,False,False,True,False,False,False,False,False,True,True,False,False,False,True,False,False,False,False,False,False,True,False,False,False,True
380,Male,Married,Graduate,613000,Private,2.2,Large Indian,Rented,13000.0,3,2,0.0,0.0,4700.0,16200.0,11300.0,No,0.0,703.0,1666000.0,95300.0,Vehicle EMI,417000.0,63,Not_Eligible,8050.0,0.0,0.07373572593800978,2.1613185641962622,0.66,1.1803915171288744,0.0,0.6666666666666666,Unknown,Premium,5,0,0,True,False,False,False,False,True,False,True,False,False,False,False,False,False,True,False,False,False,False,True,False,False,False,True,False,False,False,True
480,Male,Married,Professional,1075000,Government,7.5,Large Indian,Family,0.0,3,2,0.0,0.0,14000.0,24000.0,20400.0,No,0.0,799.0,1734000.0,77300.0,Home Appliances EMI,129000.0,35,Eligible,25924.8,0.0,0.054325581395348835,22.516057585825028,2.95,0.688353488372093,0.0,0.6666666666666666,Unknown,Premium,5,0,0,False,False,False,True,True,False,False,True,False,False,False,False,True,False,False,False,False,True,False,False,False,False,False,True,False,False,False,True
320,Male,Married,Graduate,353000,Private,0.5,Large Indian,Own,0.0,5,4,0.0,0.0,4300.0,9500.0,3200.0,Yes,3600.0,543.0,1860000.0,72400.0,Home Appliances EMI,226000.0,10,Not_Eligible,2058.0,0.010198300283286119,0.04815864022662889,14.707964601769913,0.15,2.230708215297451,100.0,0.8,Unknown,Premium,5,0,1,True,False,False,False,False,True,False,True,False,False,False,False,False,True,False,False,False,True,False,False,False,False,False,True,False,False,False,True
480,Male,Single,Post Graduate,472000,Self-employed,10.2,MNC,Family,0.0,2,1,0.0,0.0,2600.0,9800.0,6500.0,No,0.0,694.0,3346000.0,138800.0,Education EMI,423000.0,18,Not_Eligible,14008.5,0.0,0.04004237288135593,5.950879957972156,3.0599999999999996,3.012033898305085,0.0,0.5,Unknown,Premium,5,1,0,False,False,True,False,False,False,True,False,True,False,False,False,True,False,False,False,True,False,False,False,False,False,False,True,False,False,False,True
480,Male,Married,Post Graduate,267000,Private,1.6,Large Indian,Own,0.0,4,3,12700.0,0.0,2500.0,7100.0,3800.0,Yes,4700.0,639.0,746000.0,32700.0,E-commerce Shopping EMI,73000.0,11,Not_Eligible,500.0,0.017602996254681647,0.09775280898876404,29.414694894146947,0.48,1.1910861423220975,100.0,0.75,Unknown,Premium,5,0,1,False,False,True,False,False,True,False,True,False,False,False,False,False,True,False,True,False,False,False,False,False,False,False,True,False,False,False,True
580,Male,Married,Graduate,436000,Private,1.2,Large Indian,Own,0.0,3,2,0.0,0.0,6000.0,7500.0,3100.0,No,0.0,669.0,2075000.0,119400.0,E-commerce Shopping EMI,38000.0,14,Eligible,13500.0,0.0,0.038073394495412846,78.83458646616542,0.36,2.067981651376147,0.0,0.6666666666666666,Unknown,Premium,5,0,0,True,False,False,False,False,True,False,True,False,False,False,False,False,True,False,True,False,False,False,False,False,False,False,True,False,False,False,True
320,Male,Married,Post Graduate,491000,Private,1.6,MNC,Rented,12700.0,4,3,6800.0,0.0,5200.0,8300.0,8500.0,Yes,14100.0,608.0,537000.0,27800.0,Vehicle EMI,426000.0,19,Not_Eligible,500.0,0.028716904276985745,0.0845213849287169,5.37929330368174,0.48,0.4714460285132383,100.0,0.75,Unknown,Premium,5,0,1,False,False,True,False,False,True,False,False,True,False,False,False,False,False,True,False,False,False,False,True,False,False,False,True,False,False,False,True
270,Female,Single,High School,373000,Government,5.0,Small,Rented,9600.0,2,1,0.0,0.0,3200.0,9900.0,3500.0,Yes,5900.0,676.0,1747000.0,99200.0,Home Appliances EMI,135000.0,19,Not_Eligible,2002.0,0.01581769436997319,0.07024128686327077,13.290448343079921,2.2,2.0330294906166224,100.0,0.5,Unknown,Premium,2,1,1,False,True,False,False,True,False,False,False,False,False,True,False,False,False,True,False,False,True,False,False,False,False,False,True,False,False,False,True
380,Female,Married,Post Graduate,493000,Government,14.0,MNC,Family,0.0,3,2,7900.0,0.0,2800.0,14000.0,3500.0,Yes,6900.0,777.0,761000.0,40800.0,Home Appliances EMI,124000.0,36,Eligible,5248.32,0.013995943204868154,0.05720081135902637,10.257616487455197,4.9,0.6670993914807303,100.0,0.6666666666666666,Unknown,Premium,2,0,1,False,False,True,False,True,False,False,False,True,False,False,False,True,False,False,False,False,True,False,False,False,False,False,True,False,False,False,True
270,Male,Married,Graduate,566000,Self-employed,3.4,Startup,Rented,12800.0,2,1,11000.0,10300.0,8100.0,12900.0,4600.0,No,0.0,716.0,489000.0,17500.0,Education EMI,74000.0,31,Not_Eligible,500.0,0.0,0.10547703180212015,22.070619006102877,1.02,0.36413427561837464,0.0,0.5,Unknown,Premium,5,0,0,True,False,False,False,False,False,True,False,False,False,False,True,False,False,True,False,True,False,False,False,False,False,False,True,False,False,False,True
270,Male,Single,Post Graduate,331000,Private,1.1,Mid-size,Family,0.0,1,0,0.0,0.0,3100.0,8700.0,6200.0,Yes,8900.0,691.0,1776000.0,37300.0,Home Appliances EMI,84000.0,28,Not_Eligible,2170.0,0.02688821752265861,0.054380664652567974,12.929421768707483,0.33,2.213836858006042,100.0,0.0,Unknown,Premium,5,1,1,False,False,True,False,False,True,False,False,False,True,False,False,True,False,False,False,False,True,False,False,False,False,False,True,False,False,False,True
380,Female,Married,Graduate,389000,Private,3.7,Large Indian,Family,0.0,4,3,0.0,0.0,5800.0,8300.0,4000.0,No,0.0,636.0,540000.0,17500.0,Education EMI,143000.0,34,Eligible,6656.0,0.0,0.04652956298200514,7.62854792266557,1.11,0.5822622107969152,0.0,0.75,Unknown,Premium,2,0,0,True,False,False,False,False,True,False,True,False,False,False,False,True,False,False,False,True,False,False,False,False,False,False,True,False,False,False,True
320,Male,Single,Post Graduate,388000,Private,7.0,MNC,Rented,13500.0,2,1,0.0,0.0,2500.0,7400.0,5600.0,Yes,5100.0,840.0,2793000.0,119100.0,Home Appliances EMI,140000.0,16,Not_Eligible,2171.4,0.013144329896907217,0.07474226804123711,15.799107142857144,2.1,3.063556701030928,100.0,0.5,Unknown,Premium,5,1,1,False,False,True,False,False,True,False,False,True,False,False,False,False,False,True,False,False,True,False,False,False,False,False,True,False,False,False,True
480,Male,Married,Graduate,686000,Private,6.5,Small,Own,0.0,4,3,7700.0,0.0,8200.0,12600.0,5100.0,No,0.0,712.0,376000.0,8700.0,E-commerce Shopping EMI,80000.0,11,Eligible,14000.0,0.0,0.04897959183673469,74.13636363636364,1.95,0.22685131195335276,0.0,0.75,Unknown,Premium,5,0,0,True,False,False,False,False,True,False,False,False,False,True,False,False,True,False,True,False,False,False,False,False,False,False,True,False,False,False,True
480,Male,Single,High School,436000,Private,7.4,Startup,Own,0.0,2,1,14100.0,0.0,4800.0,10700.0,8200.0,Yes,11200.0,616.0,511000.0,11100.0,Personal Loan EMI,410000.0,20,Not_Eligible,500.0,0.025688073394495414,0.08669724770642202,4.719512195121951,2.22,0.48408256880733946,100.0,0.5,Unknown,Premium,5,1,1,False,True,False,False,False,True,False,False,False,False,False,True,False,True,False,False,False,False,True,False,False,False,False,True,False,False,False,True
380,Male,Married,Post Graduate,1181000,Private,5.9,MNC,Rented,24900.0,3,2,14300.0,9500.0,15500.0,27500.0,15200.0,No,0.0,849.0,4464000.0,173500.0,Education EMI,163000.0,11,Not_Eligible,6720.0,0.0,0.09051651143099068,59.905186837702175,1.77,1.6000846740050805,0.0,0.6666666666666666,Unknown,Premium,5,0,0,False,False,True,False,False,True,False,False,True,False,False,False,False,False,True,False,True,False,False,False,False,False,False,True,False,False,False,True
380,Female,Married,High School,408000,Private,7.2,Large Indian,Family,0.0,4,3,5500.0,0.0,3200.0,7900.0,3400.0,Yes,5200.0,688.0,2068000.0,99300.0,Education EMI,406000.0,12,Not_Eligible,5460.0,0.012745098039215686,0.049019607843137254,7.857142857142857,2.16,2.1734803921568626,100.0,0.75,Unknown,Premium,2,0,1,False,True,False,False,False,True,False,True,False,False,False,False,True,False,False,False,True,False,False,False,False,False,False,True,False,False,False,True
480,Male,Married,Graduate,932000,Private,20.7,Mid-size,Family,0.0,4,3,0.0,0.0,5600.0,27600.0,8000.0,No,0.0,722.0,1487000.0,83500.0,Vehicle EMI,121000.0,34,Eligible,20800.0,0.0,0.04420600858369099,21.65289256198347,6.21,0.6919527896995709,0.0,0.75,Unknown,Premium,5,0,0,True,False,False,False,False,True,False,False,False,True,False,False,True,False,False,False,False,False,False,True,False,False,False,True,False,False,False,True
580,Male,Married,Graduate,320000,Self-employed,17.6,Mid-size,Family,0.0,3,2,0.0,0.0,2700.0,7800.0,4800.0,No,0.0,725.0,540000.0,28000.0,Personal Loan EMI,519000.0,49,Not_Eligible,6012.0,0.0,0.0478125,1.1981439974833865,5.28,0.7275,0.0,0.6666666666666666,Unknown,Premium,5,0,0,True,False,False,False,False,False,True,False,False,True,False,False,True,False,False,False,False,False,True,False,False,False,False,True,False,False,False,True
380,Male,Married,Professional,691000,Private,3.0,MNC,Own,0.0,5,4,0.0,0.0,9600.0,14400.0,4800.0,Yes,10900.0,617.0,5496000.0,295800.0,Education EMI,310000.0,43,Not_Eligible,9055.2,0.01577424023154848,0.04167872648335745,4.885971492873218,0.8999999999999999,3.438321273516643,100.0,0.8,Unknown,Premium,5,0,1,False,False,False,True,False,True,False,False,True,False,False,False,False,True,False,False,True,False,False,False,False,False,False,True,False,False,False,True
320,Male,Married,Graduate,408000,Private,5.9,Mid-size,Family,0.0,3,2,9900.0,0.0,5000.0,9100.0,4300.0,No,0.0,739.0,3092000.0,62500.0,Education EMI,309000.0,42,Not_Eligible,6875.0,0.0,0.06936274509803922,2.9257204499922946,1.77,3.12328431372549,0.0,0.6666666666666666,Unknown,Premium,5,0,0,True,False,False,False,False,True,False,False,False,True,False,False,True,False,False,False,True,False,False,False,False,False,False,True,False,False,False,True
480,Male,Married,Graduate,236000,Government,6.5,Small,Own,0.0,3,2,0.0,0.0,3500.0,4800.0,4000.0,Yes,5600.0,755.0,1331000.0,32300.0,Education EMI,84000.0,13,Not_Eligible,2633.4,0.023728813559322035,0.05211864406779661,19.972527472527474,2.65,2.338050847457627,100.0,0.6666666666666666,Unknown,Premium,5,0,1,True,False,False,False,True,False,False,False,False,False,True,False,False,True,False,False,True,False,False,False,False,False,False,True,False,False,False,True
380,Male,Married,Graduate,233000,Private,0.5,MNC,Family,0.0,4,3,4700.0,0.0,3300.0,5700.0,4100.0,Yes,2900.0,637.0,475000.0,21900.0,Vehicle EMI,467000.0,59,Not_Eligible,582.4,0.012446351931330472,0.07639484978540773,0.7705150074402062,0.15,0.8718454935622318,100.0,0.75,Unknown,Premium,5,0,1,True,False,False,False,False,True,False,False,True,False,False,False,True,False,False,False,False,False,False,True,False,False,False,True,False,False,False,True
320,Male,Married,Graduate,816000,Private,6.5,Startup,Rented,18200.0,2,1,14400.0,0.0,5800.0,23900.0,7400.0,No,0.0,706.0,3188000.0,141100.0,Home Appliances EMI,270000.0,7,Not_Eligible,5950.0,0.0,0.08541666666666667,39.48677248677249,1.95,1.6664950980392157,0.0,0.5,Unknown,Premium,5,0,0,True,False,False,False,False,True,False,False,False,False,False,True,False,False,True,False,False,True,False,False,False,False,False,True,False,False,False,True
580,Male,Married,Post Graduate,1133000,Private,36.0,Large Indian,Rented,21800.0,3,2,11600.0,15500.0,13700.0,31700.0,16500.0,No,0.0,846.0,3172000.0,103300.0,Home Appliances EMI,208000.0,15,Not_Eligible,1500.0,0.0,0.09779346866725508,32.76282051282051,10.799999999999999,1.1745631067961164,0.0,0.6666666666666666,Unknown,Premium,5,0,0,False,False,True,False,False,True,False,True,False,False,False,False,False,False,True,False,False,True,False,False,False,False,False,True,False,False,False,True
480,Male,Married,Graduate,442000,Private,16.6,Large Indian,Rented,10400.0,2,1,13800.0,0.0,5300.0,8600.0,5400.0,No,0.0,818.0,1157000.0,39600.0,Home Appliances EMI,35000.0,29,Not_Eligible,500.0,0.0,0.09841628959276018,39.26108374384236,4.98,1.100814479638009,0.0,0.5,Unknown,Premium,5,0,0,True,False,False,False,False,True,False,True,False,False,False,False,False,False,True,False,False,True,False,False,False,False,False,True,False,False,False,True
580,Male,Married,Graduate,405000,Government,10.9,Large Indian,Own,0.0,4,3,6500.0,24000.0,2100.0,9200.0,5100.0,No,0.0,697.0,1785000.0,42200.0,Home Appliances EMI,142000.0,8,Not_Eligible,500.0,0.0,0.11580246913580247,31.52288732394366,3.9699999999999998,1.8254814814814815,0.0,0.75,Unknown,Premium,5,0,0,True,False,False,False,True,False,False,True,False,False,False,False,False,True,False,False,False,True,False,False,False,False,False,True,False,False,False,True
320,Male,Single,Post Graduate,779000,Private,7.6,Large Indian,Own,0.0,2,1,6200.0,0.0,9000.0,12100.0,7600.0,No,0.0,698.0,1602000.0,92300.0,Home Appliances EMI,171000.0,36,Eligible,21500.0,0.0,0.044801026957638,12.087394411955815,2.28,0.8936842105263157,0.0,0.5,Unknown,Premium,5,1,0,False,False,True,False,False,True,False,True,False,False,False,False,False,True,False,False,False,True,False,False,False,False,False,True,False,False,False,True
380,Male,Married,Professional,746000,Government,1.6,Mid-size,Own,0.0,4,3,6800.0,10200.0,9900.0,15700.0,10800.0,Yes,17800.0,631.0,1714000.0,97100.0,Home Appliances EMI,212000.0,10,Not_Eligible,952.0,0.02386058981233244,0.07158176943699732,31.830188679245282,1.18,0.9971313672922253,100.0,0.75,Unknown,Premium,5,0,1,False,False,False,True,True,False,False,False,False,True,False,False,False,True,False,False,False,True,False,False,False,False,False,True,False,False,False,True
480,Female,Married,High School,144000,Private,20.6,Mid-size,Own,0.0,4,3,10300.0,0.0,1000.0,2800.0,800.0,No,0.0,703.0,1144000.0,60700.0,E-commerce Shopping EMI,81000.0,13,Not_Eligible,500.0,0.0,0.10347222222222222,12.260208926875594,6.180000000000001,3.4306944444444447,0.0,0.75,Unknown,Premium,2,0,0,False,True,False,False,False,True,False,False,False,True,False,False,False,True,False,True,False,False,False,False,False,False,False,True,False,False,False,True
580,Female,Married,Post Graduate,579000,Government,29.7,MNC,Own,0.0,2,1,9800.0,8600.0,3500.0,14800.0,9600.0,No,0.0,753.0,3822000.0,127400.0,Education EMI,339000.0,21,Not_Eligible,8421.6,0.0,0.07996545768566495,7.482792527040314,9.61,2.772435233160622,0.0,0.5,Unknown,Premium,2,0,0,False,False,True,False,True,False,False,False,True,False,False,False,False,True,False,False,True,False,False,False,False,False,False,True,False,False,False,True
380,Male,Married,Professional,1030000,Private,8.5,Large Indian,Rented,18500.0,4,3,0.0,0.0,5800.0,24000.0,9600.0,No,0.0,690.0,2458000.0,81900.0,Vehicle EMI,709000.0,28,Not_Eligible,22550.0,0.0,0.05621359223300971,4.896735845254886,2.55,1.0022718446601944,0.0,0.75,Unknown,Premium,5,0,0,False,False,False,True,False,True,False,True,False,False,False,False,False,False,True,False,False,False,False,True,False,False,False,True,False,False,False,True
320,Female,Single,Graduate,523000,Government,0.9,MNC,Rented,17900.0,2,1,5700.0,0.0,6400.0,12500.0,3100.0,Yes,11200.0,631.0,3795000.0,165400.0,Home Appliances EMI,214000.0,8,Not_Eligible,500.0,0.02141491395793499,0.08718929254302103,27.231308411214954,0.97,3.092237093690249,100.0,0.5,Unknown,Premium,2,1,1,True,False,False,False,True,False,False,False,True,False,False,False,False,False,True,False,False,True,False,False,False,False,False,True,False,False,False,True
270,Male,Single,Graduate,435000,Private,0.5,Large Indian,Rented,11900.0,1,0,0.0,0.0,3800.0,8700.0,3900.0,No,0.0,790.0,2264000.0,55700.0,Home Appliances EMI,142000.0,24,High_Risk,7296.0,0.0,0.06505747126436781,11.93368544600939,0.15,2.158666666666667,0.0,0.0,Unknown,Premium,5,1,0,True,False,False,False,False,True,False,True,False,False,False,False,False,False,True,False,False,True,False,False,False,False,False,True,False,False,False,True
480,Female,Married,Professional,630000,Private,0.9,Startup,Rented,19200.0,4,3,0.0,5300.0,9000.0,18700.0,9300.0,No,0.0,654.0,2709000.0,73300.0,Education EMI,478000.0,44,Not_Eligible,600.0,0.0,0.09761904761904762,2.7030239634842146,0.27,1.7898095238095237,0.0,0.75,Unknown,Premium,2,0,0,False,False,False,True,False,True,False,False,False,False,False,True,False,False,True,False,True,False,False,False,False,False,False,True,False,False,False,True
320,Male,Single,Graduate,436000,Government,0.5,MNC,Family,0.0,1,0,0.0,0.0,4200.0,10600.0,7700.0,Yes,9900.0,623.0,1188000.0,41900.0,Home Appliances EMI,98000.0,26,Not_Eligible,3136.0,0.022706422018348625,0.051605504587155966,15.839874411302981,0.85,1.1475688073394494,100.0,0.0,Unknown,Premium,5,1,1,True,False,False,False,True,False,False,False,True,False,False,False,True,False,False,False,False,True,False,False,False,False,False,True,False,False,False,True
380,Female,Married,Graduate,461000,Private,3.4,MNC,Own,0.0,5,4,6500.0,0.0,6300.0,12800.0,7800.0,No,0.0,730.0,3082000.0,88800.0,Vehicle EMI,126000.0,58,Eligible,6985.0,0.0,0.07245119305856833,5.85112205801861,1.02,2.789761388286334,0.0,0.8,Unknown,Premium,2,0,0,True,False,False,False,False,True,False,False,True,False,False,False,False,True,False,False,False,False,False,True,False,False,False,True,False,False,False,True
320,Female,Single,Post Graduate,397000,Private,1.5,Mid-size,Own,0.0,1,0,0.0,0.0,3700.0,7100.0,7600.0,No,0.0,637.0,2824000.0,139100.0,Home Appliances EMI,182000.0,33,Eligible,9372.0,0.0,0.04634760705289673,6.303696303696303,0.44999999999999996,3.0555667506297226,0.0,0.0,Unknown,Premium,2,1,0,False,False,True,False,False,True,False,False,False,True,False,False,False,True,False,False,False,True,False,False,False,False,False,True,False,False,False,True
580,Female,Married,High School,183000,Private,10.8,MNC,Rented,5500.0,4,3,5200.0,0.0,2600.0,4200.0,2300.0,No,0.0,713.0,880000.0,46600.0,Home Appliances EMI,96000.0,32,Not_Eligible,500.0,0.0,0.10819672131147541,5.3125,3.24,2.0762841530054645,0.0,0.75,Unknown,Premium,2,0,0,False,True,False,False,False,True,False,False,True,False,False,False,False,False,True,False,False,True,False,False,False,False,False,True,False,False,False,True
270,Female,Single,Graduate,295000,Government,1.3,Large Indian,Rented,6600.0,2,1,10300.0,20700.0,3100.0,7600.0,3800.0,Yes,3600.0,738.0,2113000.0,69800.0,Education EMI,363000.0,29,Not_Eligible,500.0,0.012203389830508475,0.17661016949152541,2.2732022418542797,1.0899999999999999,3.007050847457627,100.0,0.5,Unknown,Premium,2,1,1,True,False,False,False,True,False,False,True,False,False,False,False,False,False,True,False,True,False,False,False,False,False,False,True,False,False,False,True
480,Male,Married,Graduate,665000,Private,14.2,Large Indian,Own,0.0,2,1,2500.0,0.0,9200.0,15300.0,12800.0,Yes,9500.0,696.0,2932000.0,83700.0,Vehicle EMI,245000.0,44,Not_Eligible,6020.0,0.014285714285714285,0.059849624060150375,5.711502782931354,4.26,1.8391278195488723,100.0,0.5,Unknown,Premium,5,0,1,True,False,False,False,False,True,False,True,False,False,False,False,False,True,False,False,False,False,False,True,False,False,False,True,False,False,False,True
380,Male,Married,Graduate,200000,Private,2.1,Large Indian,Own,0.0,4,3,14800.0,20900.0,1100.0,3100.0,3700.0,No,0.0,748.0,184000.0,9500.0,Vehicle EMI,238000.0,69,Not_Eligible,500.0,0.0,0.218,0.9523809523809524,0.63,0.3965000000000001,0.0,0.75,Unknown,Premium,5,0,0,True,False,False,False,False,True,False,True,False,False,False,False,False,True,False,False,False,False,False,True,False,False,False,True,False,False,False,True
480,Male,Married,High School,429000,Self-employed,9.9,MNC,Family,0.0,3,2,2000.0,10600.0,5800.0,10500.0,5300.0,No,0.0,821.0,3046000.0,157500.0,Vehicle EMI,748000.0,75,Not_Eligible,5167.8,0.0,0.07972027972027972,0.7037433155080214,2.97,3.060372960372961,0.0,0.6666666666666666,Unknown,Premium,5,0,0,False,True,False,False,False,False,True,False,True,False,False,False,True,False,False,False,False,False,False,True,False,False,False,True,False,False,False,True
480,Female,Married,Graduate,1054000,Private,17.1,Large Indian,Family,0.0,2,1,6800.0,0.0,11600.0,29200.0,18000.0,Yes,14400.0,850.0,3161000.0,64900.0,Home Appliances EMI,128000.0,36,Eligible,10668.0,0.01366223908918406,0.06223908918406072,21.13715277777778,5.13,1.2365654648956357,100.0,0.5,Unknown,Premium,2,0,1,True,False,False,False,False,True,False,True,False,False,False,False,True,False,False,False,False,True,False,False,False,False,False,True,False,False,False,True
480,M,Married,Post Graduate,296000,Private,24.3,Startup,Rented,6700.0,3,2,14500.0,0.0,4200.0,4900.0,5300.0,No,0.0,706.0,1384000.0,72200.0,Education EMI,428000.0,25,Not_Eligible,500.0,0.0,0.12027027027027028,2.433644859813084,7.29,2.0166216216216215,0.0,0.6666666666666666,Unknown,Premium,3,0,0,False,False,True,False,False,True,False,False,False,False,False,True,False,False,True,False,True,False,False,False,False,False,False,True,False,False,False,True
320,Female,Married,Professional,741000,Self-employed,0.5,Large Indian,Rented,24200.0,3,2,9500.0,0.0,5500.0,14900.0,6200.0,No,0.0,618.0,1535000.0,34500.0,Vehicle EMI,692000.0,16,Not_Eligible,4968.0,0.0,0.08137651821862348,6.147940751445087,0.15,0.8565452091767882,0.0,0.6666666666666666,Unknown,Premium,2,0,0,False,False,False,True,False,False,True,True,False,False,False,False,False,False,True,False,False,False,False,True,False,False,False,True,False,False,False,True
480,Male,Married,Post Graduate,731000,Self-employed,0.6,Mid-size,Rented,24600.0,2,1,5000.0,0.0,9000.0,12600.0,4200.0,Yes,19000.0,658.0,5172000.0,230600.0,Personal Loan EMI,852000.0,29,Not_Eligible,500.0,0.025991792065663474,0.07578659370725034,2.6574388861907074,0.18,3.0193707250342,100.0,0.5,Unknown,Premium,5,0,1,False,False,True,False,False,False,True,False,False,True,False,False,False,False,True,False,False,False,True,False,False,False,False,True,False,False,False,True
380,Female,Married,High School,317000,Self-employed,9.1,MNC,Family,0.0,4,3,0.0,0.0,2100.0,8500.0,2400.0,No,0.0,841.0,2505000.0,53200.0,Education EMI,395000.0,22,Not_Eligible,11107.8,0.0,0.04100946372239748,3.498273878020713,2.73,3.261577287066246,0.0,0.75,Unknown,Premium,2,0,0,False,True,False,False,False,False,True,False,True,False,False,False,True,False,False,False,True,False,False,False,False,False,False,True,False,False,False,True
320,Female,Married,Graduate,356000,Private,1.0,MNC,Family,0.0,4,3,13800.0,7900.0,2000.0,8100.0,2200.0,No,0.0,679.0,1395000.0,53100.0,Home Appliances EMI,99000.0,15,Not_Eligible,800.0,0.0,0.09550561797752809,21.68350168350168,0.3,1.6569101123595507,0.0,0.75,Unknown,Premium,2,0,0,True,False,False,False,False,True,False,False,True,False,False,False,True,False,False,False,False,True,False,False,False,False,False,True,False,False,False,True
320,Female,Married,Graduate,483000,Self-employed,2.6,Large Indian,Own,0.0,5,4,8800.0,0.0,3300.0,9200.0,5500.0,No,0.0,794.0,1724000.0,94100.0,Vehicle EMI,139000.0,23,Eligible,11610.0,0.0,0.05548654244306418,14.269627776040036,0.78,1.5446376811594202,0.0,0.8,Unknown,Premium,2,0,0,True,False,False,False,False,False,True,True,False,False,False,False,False,True,False,False,False,False,False,True,False,False,False,True,False,False,False,True
580,Male,Married,Graduate,229000,Private,10.9,Small,Family,0.0,2,1,0.0,13400.0,1900.0,4600.0,3600.0,No,0.0,646.0,259000.0,11800.0,Personal Loan EMI,818000.0,55,Not_Eligible,500.0,0.0,0.10262008733624454,0.456768170704601,3.27,0.48331877729257644,0.0,0.5,Unknown,Premium,5,0,0,True,False,False,False,False,True,False,False,False,False,True,False,True,False,False,False,False,False,True,False,False,False,False,True,False,False,False,True
480,Female,Single,Graduate,469000,Private,2.5,Startup,Family,0.0,2,1,11800.0,0.0,3500.0,13300.0,5800.0,No,0.0,780.0,1042000.0,62400.0,Personal Loan EMI,850000.0,46,Not_Eligible,7500.0,0.0,0.07334754797441365,1.1115089514066496,0.75,0.9685287846481876,0.0,0.5,Unknown,Premium,2,1,0,True,False,False,False,False,True,False,False,False,False,False,True,True,False,False,False,False,False,True,False,False,False,False,True,False,False,False,True
380,Female,Married,Graduate,209000,Private,1.3,Mid-size,Rented,5400.0,5,4,8300.0,0.0,3100.0,3900.0,1800.0,Yes,3200.0,640.0,1112000.0,36700.0,Home Appliances EMI,144000.0,7,Not_Eligible,500.0,0.015311004784688996,0.1076555023923445,18.18452380952381,0.39,2.233588516746412,100.0,0.8,Unknown,Premium,2,0,1,True,False,False,False,False,True,False,False,False,True,False,False,False,False,True,False,False,True,False,False,False,False,False,True,False,False,False,True
480,Female,Married,Graduate,980000,Private,2.5,MNC,Own,0.0,4,3,0.0,5000.0,14000.0,28200.0,12300.0,Yes,14100.0,663.0,3043000.0,110900.0,Home Appliances EMI,250000.0,17,Not_Eligible,8540.0,0.014387755102040817,0.060714285714285714,21.327058823529413,0.75,1.309938775510204,100.0,0.75,Unknown,Premium,2,0,1,True,False,False,False,False,True,False,False,True,False,False,False,False,True,False,False,False,True,False,False,False,False,False,True,False,False,False,True
580,Female,Married,Post Graduate,367000,Private,14.0,Large Indian,Own,24407.0,3,2,0.0,21700.0,2500.0,9600.0,5600.0,Yes,5500.0,721.0,826000.0,27900.0,Education EMI,382000.0,33,Not_Eligible,500.0,0.014986376021798364,0.17386103542234332,2.3615183246073297,4.2,0.9458855585831063,100.0,0.6666666666666666,Unknown,Premium,2,0,1,False,False,True,False,False,True,False,True,False,False,False,False,False,True,False,False,True,False,False,False,False,False,False,True,False,False,False,True
320,Female,Married,Graduate,655000,Self-employed,1.2,Large Indian,Rented,11900.0,2,1,5300.0,0.0,8500.0,14100.0,6200.0,No,0.0,790.0,4908000.0,189200.0,Personal Loan EMI,730000.0,25,Not_Eligible,11583.0,0.0,0.07022900763358779,3.3369863013698633,0.36,3.1705648854961836,0.0,0.5,Unknown,Premium,2,0,0,True,False,False,False,False,False,True,True,False,False,False,False,False,False,True,False,False,False,True,False,False,False,False,True,False,False,False,True
320,Male,Married,Graduate,484000,Government,1.9,Small,Rented,13000.0,3,2,2700.0,19100.0,5100.0,8700.0,5300.0,No,0.0,710.0,1282000.0,62900.0,Education EMI,236000.0,39,Not_Eligible,500.0,0.0,0.11136363636363636,4.67296827466319,1.27,1.1374793388429751,0.0,0.6666666666666666,Unknown,Premium,5,0,0,True,False,False,False,True,False,False,False,False,False,True,False,False,False,True,False,True,False,False,False,False,False,False,True,False,False,False,True
380,Male,Married,Professional,419000,Private,11.4,MNC,Rented,7600.0,3,2,9600.0,0.0,4000.0,9800.0,2200.0,No,0.0,692.0,936000.0,30000.0,Personal Loan EMI,496000.0,60,Not_Eligible,4350.0,0.0,0.079236276849642,1.2963709677419355,3.42,0.9365155131264917,0.0,0.6666666666666666,Unknown,Premium,5,0,0,False,False,False,True,False,True,False,False,True,False,False,False,False,False,True,False,False,False,True,False,False,False,False,True,False,False,False,True
580,Female,Married,Graduate,883000,Private,11.8,MNC,Own,0.0,5,4,7300.0,16200.0,12500.0,16600.0,15600.0,Yes,14200.0,746.0,835000.0,46700.0,Home Appliances EMI,188000.0,21,Not_Eligible,1652.0,0.01608154020385051,0.07723669309173273,20.278622087132725,3.54,0.40998867497168745,100.0,0.8,Unknown,Premium,2,0,1,True,False,False,False,False,True,False,False,True,False,False,False,False,True,False,False,False,True,False,False,False,False,False,True,False,False,False,True
270,Male,Single,Graduate,440000,Government,0.5,MNC,Family,0.0,3,2,8200.0,0.0,6300.0,6600.0,8100.0,No,0.0,673.0,1471000.0,82500.0,Personal Loan EMI,963000.0,19,Not_Eligible,7400.0,0.0,0.06636363636363636,2.2451768049407006,0.85,1.4497727272727274,0.0,0.6666666666666666,Unknown,Premium,5,1,0,True,False,False,False,True,False,False,False,True,False,False,False,True,False,False,False,False,False,True,False,False,False,False,True,False,False,False,True
320,Female,Single,Graduate,415000,Private,1.1,Mid-size,Own,0.0,2,1,9900.0,0.0,4800.0,6900.0,7300.0,Yes,9800.0,656.0,1969000.0,86700.0,E-commerce Shopping EMI,129000.0,5,Not_Eligible,980.0,0.023614457831325302,0.06963855421686747,58.34108527131783,0.33,2.023180722891566,100.0,0.5,Unknown,Premium,2,1,1,True,False,False,False,False,True,False,False,False,True,False,False,False,True,False,True,False,False,False,False,False,False,False,True,False,False,False,True
320,Female,Married,Post Graduate,389000,Private,0.6,Mid-size,Family,0.0,2,1,11300.0,0.0,5600.0,9300.0,3100.0,Yes,4300.0,653.0,2563000.0,119800.0,Home Appliances EMI,273000.0,35,Not_Eligible,1632.4,0.011053984575835476,0.07532133676092545,3.719518576661434,0.18,2.8202570694087408,100.0,0.5,Unknown,Premium,2,0,1,False,False,True,False,False,True,False,False,False,True,False,False,True,False,False,False,False,True,False,False,False,False,False,True,False,False,False,True
380,Female,Married,Post Graduate,260000,Private,2.0,Large Indian,Family,0.0,3,2,0.0,0.0,3400.0,7600.0,5000.0,No,0.0,843.0,239000.0,11200.0,E-commerce Shopping EMI,93000.0,16,Not_Eligible,4800.0,0.0,0.06153846153846154,16.397849462365592,0.6,0.39353846153846156,0.0,0.6666666666666666,Unknown,Premium,2,0,0,False,False,True,False,False,True,False,True,False,False,False,False,True,False,False,True,False,False,False,False,False,False,False,True,False,False,False,True
480,Female,Married,High School,258000,Private,12.4,MNC,Rented,6600.0,3,2,0.0,0.0,3800.0,6600.0,3100.0,Yes,5800.0,701.0,1247000.0,65400.0,Education EMI,378000.0,31,Not_Eligible,500.0,0.02248062015503876,0.07790697674418605,1.9807134323263353,3.7199999999999998,2.085426356589147,100.0,0.6666666666666666,Unknown,Premium,2,0,1,False,True,False,False,False,True,False,False,True,False,False,False,False,False,True,False,True,False,False,False,False,False,False,True,False,False,False,True
580,Male,Married,Professional,777000,Private,6.9,MNC,Own,0.0,2,1,5200.0,0.0,7400.0,19000.0,12000.0,Yes,12700.0,701.0,4380000.0,151500.0,Vehicle EMI,894000.0,20,Not_Eligible,7490.0,0.016344916344916346,0.05611325611325611,4.0307606263982105,2.07,2.371814671814672,100.0,0.5,Unknown,Premium,5,0,1,False,False,False,True,False,True,False,False,True,False,False,False,False,True,False,False,False,False,False,True,False,False,False,True,False,False,False,True
320,Female,Single,High School,845000,Private,1.0,MNC,Rented,21300.0,1,0,0.0,0.0,12600.0,23800.0,9900.0,No,0.0,754.0,5386000.0,230900.0,Personal Loan EMI,451000.0,27,Not_Eligible,11154.0,0.0,0.08,6.3841668719717495,0.3,2.713538461538462,0.0,0.0,Unknown,Premium,2,1,0,False,True,False,False,False,True,False,False,True,False,False,False,False,False,True,False,False,False,True,False,False,False,False,True,False,False,False,True
480,Male,Single,Professional,620000,Private,3.0,MNC,Family,0.0,3,2,5900.0,0.0,4900.0,15900.0,7300.0,No,0.0,805.0,1392000.0,58600.0,E-commerce Shopping EMI,178000.0,22,Eligible,16800.0,0.0,0.054838709677419356,14.964249233912156,0.8999999999999999,0.9547741935483871,0.0,0.6666666666666666,Unknown,Premium,5,1,0,False,False,False,True,False,True,False,False,True,False,False,False,True,False,False,True,False,False,False,False,False,False,False,True,False,False,False,True
580,Female,Married,Post Graduate,285000,Private,2.2,Large Indian,Own,0.0,4,3,11700.0,19700.0,3700.0,7500.0,3700.0,No,0.0,739.0,961000.0,38600.0,E-commerce Shopping EMI,149000.0,23,Not_Eligible,500.0,0.0,0.1624561403508772,6.965275751386052,0.66,1.4300350877192984,0.0,0.75,Unknown,Premium,2,0,0,False,False,True,False,False,True,False,True,False,False,False,False,False,True,False,True,False,False,False,False,False,False,False,True,False,False,False,True
380,Male,Married,Graduate,409000,Private,3.2,Startup,Own,0.0,3,2,5500.0,24500.0,6000.0,9100.0,7800.0,No,0.0,595.0,3029000.0,82500.0,Home Appliances EMI,236000.0,15,Not_Eligible,500.0,0.0,0.1293398533007335,10.059322033898304,0.96,3.0833740831295846,0.0,0.6666666666666666,Unknown,Premium,5,0,0,True,False,False,False,False,True,False,False,False,False,False,True,False,True,False,False,False,True,False,False,False,False,False,True,False,False,False,True
320,Male,Single,Graduate,510000,Private,2.1,Startup,Rented,17500.0,2,1,0.0,0.0,4000.0,10800.0,4600.0,No,0.0,713.0,1959000.0,40900.0,Education EMI,169000.0,42,Eligible,7050.0,0.0,0.07235294117647059,6.665257819103973,0.63,1.5845882352941179,0.0,0.5,Unknown,Premium,5,1,0,True,False,False,False,False,True,False,False,False,False,False,True,False,False,True,False,True,False,False,False,False,False,False,True,False,False,False,True
380,male,Married,Professional,851000,Government,5.2,Startup,Rented,24100.0,4,3,9400.0,0.0,8800.0,19300.0,7300.0,No,0.0,673.0,4935000.0,119600.0,Personal Loan EMI,497000.0,21,Not_Eligible,8910.0,0.0,0.0809635722679201,7.493532624317332,2.26,2.403948296122209,0.0,0.75,Unknown,Premium,7,0,0,False,False,False,True,True,False,False,False,False,False,False,True,False,False,True,False,False,False,True,False,False,False,False,True,False,False,False,True
480,Male,Married,Graduate,407000,Private,12.9,Startup,Own,0.0,3,2,0.0,0.0,5400.0,8100.0,5300.0,No,0.0,576.0,1417000.0,37000.0,Personal Loan EMI,106000.0,13,Not_Eligible,8760.0,0.0,0.046191646191646195,28.171262699564586,3.87,1.4471744471744472,0.0,0.6666666666666666,Unknown,Premium,5,0,0,True,False,False,False,False,True,False,False,False,False,False,True,False,True,False,False,False,False,True,False,False,False,False,True,False,False,False,True
270,Female,Single,Professional,270000,Private,5.0,Large Indian,Rented,5500.0,1,0,0.0,0.0,2500.0,7400.0,4300.0,No,0.0,653.0,973000.0,36700.0,E-commerce Shopping EMI,116000.0,19,Not_Eligible,3650.0,0.0,0.07296296296296297,11.356624319419238,1.5,1.5230370370370372,0.0,0.0,Unknown,Premium,2,1,0,False,False,False,True,False,True,False,True,False,False,False,False,False,False,True,True,False,False,False,False,False,False,False,True,False,False,False,True
480,Male,Married,Graduate,256000,Private,5.9,Startup,Own,0.0,4,3,12300.0,0.0,1300.0,7600.0,3300.0,Yes,3300.0,780.0,1688000.0,56800.0,Home Appliances EMI,177000.0,15,Not_Eligible,500.0,0.012890625,0.095703125,8.595103578154426,1.77,2.7706250000000003,100.0,0.75,Unknown,Premium,5,0,1,True,False,False,False,False,True,False,False,False,False,False,True,False,True,False,False,False,True,False,False,False,False,False,True,False,False,False,True
380,Male,Married,Graduate,558000,Government,5.2,Startup,Rented,8500.0,2,1,0.0,12600.0,5100.0,9400.0,6000.0,Yes,9700.0,747.0,3570000.0,189000.0,Personal Loan EMI,634000.0,30,Not_Eligible,1905.75,0.017383512544802866,0.07455197132616488,2.66403785488959,2.26,2.7623655913978493,100.0,0.5,Unknown,Premium,5,0,1,True,False,False,False,True,False,False,False,False,False,False,True,False,False,True,False,False,False,True,False,False,False,False,True,False,False,False,True
270,Male,Married,Professional,637000,Private,4.2,MNC,Own,7917.0,5,4,3400.0,0.0,8200.0,14500.0,9600.0,Yes,16700.0,701.0,3207000.0,173600.0,Home Appliances EMI,103000.0,7,Not_Eligible,3955.0,0.02621664050235479,0.06847252747252747,79.98377253814148,1.26,2.177331240188383,100.0,0.8,Unknown,Premium,5,0,1,False,False,False,True,False,True,False,False,True,False,False,False,False,True,False,False,False,True,False,False,False,False,False,True,False,False,False,True
380,Male,Married,High School,365000,Self-employed,1.6,Large Indian,Own,0.0,4,3,0.0,0.0,2000.0,9800.0,5200.0,Yes,9600.0,732.0,448000.0,16400.0,Home Appliances EMI,211000.0,19,Not_Eligible,2494.8,0.0263013698630137,0.04657534246575343,8.441007732601646,0.48,0.5179178082191781,100.0,0.75,Unknown,Premium,5,0,1,False,True,False,False,False,False,True,True,False,False,False,False,False,True,False,False,False,True,False,False,False,False,False,True,False,False,False,True
580,Male,Married,Post Graduate,968000,Private,11.7,Mid-size,Family,0.0,3,2,2100.0,0.0,12100.0,25400.0,14000.0,No,0.0,644.0,5312000.0,314900.0,Personal Loan EMI,178000.0,17,Eligible,17280.0,0.0,0.05537190082644628,30.21810971579643,3.51,2.390227272727273,0.0,0.6666666666666666,Unknown,Premium,5,0,0,False,False,True,False,False,True,False,False,False,True,False,False,True,False,False,False,False,False,True,False,False,False,False,True,False,False,False,True
480,Male,Married,Graduate,844000,Private,18.1,Mid-size,Family,0.0,3,2,0.0,0.0,5900.0,25200.0,8900.0,No,0.0,776.0,4452000.0,147700.0,Personal Loan EMI,157000.0,60,Eligible,26640.0,0.0,0.04739336492890995,8.535031847133757,5.430000000000001,2.2149526066350713,0.0,0.6666666666666666,Unknown,Premium,5,0,0,True,False,False,False,False,True,False,False,False,True,False,False,True,False,False,False,False,False,True,False,False,False,False,True,False,False,False,True
380,Female,Married,Graduate,393000,Private,8.2,MNC,Own,0.0,4,3,0.0,15700.0,5600.0,7500.0,4400.0,Yes,9700.0,676.0,2800000.0,126900.0,Home Appliances EMI,151000.0,23,Not_Eligible,500.0,0.024681933842239184,0.08447837150127227,10.080621940685287,2.4599999999999995,3.043613231552163,100.0,0.75,Unknown,Premium,2,0,1,True,False,False,False,False,True,False,False,True,False,False,False,False,True,False,False,False,True,False,False,False,False,False,True,False,False,False,True
380,Male,Married,Graduate,563000,Private,2.3,Small,Own,0.0,3,2,11700.0,0.0,7900.0,16600.0,6700.0,No,0.0,734.0,1062000.0,36700.0,Personal Loan EMI,357000.0,31,Not_Eligible,5360.0,0.0,0.07619893428063944,4.699557242251739,0.69,0.7936412078152755,0.0,0.6666666666666666,Unknown,Premium,5,0,0,True,False,False,False,False,True,False,False,False,False,True,False,False,True,False,False,False,False,True,False,False,False,False,True,False,False,False,True
320,Female,Married,Graduate,465000,Private,3.1,Mid-size,Family,0.0,3,2,7700.0,0.0,3400.0,10100.0,5700.0,No,0.0,725.0,3104000.0,82800.0,Vehicle EMI,718000.0,69,Not_Eligible,10780.0,0.0,0.057849462365591395,0.8843001897380002,0.9299999999999999,2.7769462365591395,0.0,0.6666666666666666,Unknown,Premium,2,0,0,True,False,False,False,False,True,False,False,False,True,False,False,True,False,False,False,False,False,False,True,False,False,False,True,False,False,False,True
380,Male,Single,Professional,535000,Private,1.3,MNC,Family,0.0,2,1,14700.0,18900.0,7200.0,11200.0,6400.0,Yes,6200.0,728.0,1671000.0,79900.0,E-commerce Shopping EMI,38000.0,5,Not_Eligible,500.0,0.011588785046728972,0.1091588785046729,247.57894736842104,0.39,1.3389532710280374,100.0,0.5,Unknown,Premium,5,1,1,False,False,False,True,False,True,False,False,True,False,False,False,True,False,False,True,False,False,False,False,False,False,False,True,False,False,False,True
480,Male,Married,Graduate,370000,Government,0.5,MNC,Rented,7200.0,5,4,7300.0,0.0,2200.0,8900.0,2300.0,No,0.0,751.0,2584000.0,70700.0,Personal Loan EMI,66000.0,52,Eligible,6006.0,0.0,0.0754054054054054,9.967948717948719,0.85,2.908162162162162,0.0,0.8,Unknown,Premium,5,0,0,True,False,False,False,True,False,False,False,True,False,False,False,False,False,True,False,False,False,True,False,False,False,False,True,False,False,False,True
320,Male,Single,Post Graduate,607760,Private,0.5,Mid-size,Rented,10400.0,2,1,13500.0,0.0,3800.0,17600.0,5700.0,Yes,6900.0,705.0,3008000.0,167900.0,Home Appliances EMI,157000.0,9,Not_Eligible,500.0,0.011353165723311834,0.08391470317230486,38.91436659589525,0.15,2.1454850598920627,100.0,0.5,Unknown,Premium,5,1,1,False,False,True,False,False,True,False,False,False,True,False,False,False,False,True,False,False,True,False,False,False,False,False,True,False,False,False,True
320,Male,Married,Graduate,217000,Private,1.9,Mid-size,Own,0.0,4,3,2000.0,13600.0,2100.0,6200.0,3300.0,Yes,5900.0,745.0,281000.0,6100.0,E-commerce Shopping EMI,147000.0,13,Not_Eligible,500.0,0.027188940092165898,0.12534562211981568,9.623233908948196,0.57,0.5348387096774194,100.0,0.75,Unknown,Premium,5,0,1,True,False,False,False,False,True,False,False,False,True,False,False,False,True,False,True,False,False,False,False,False,False,False,True,False,False,False,True
480,Male,Married,Post Graduate,484000,Private,20.6,Startup,Own,0.0,3,2,0.0,0.0,4900.0,13000.0,8500.0,Yes,12200.0,682.0,2546000.0,129800.0,E-commerce Shopping EMI,141000.0,20,Not_Eligible,3430.0,0.025206611570247933,0.05454545454545454,15.794326241134751,6.180000000000001,2.2650413223140498,100.0,0.6666666666666666,Unknown,Premium,5,0,1,False,False,True,False,False,True,False,False,False,False,False,True,False,True,False,True,False,False,False,False,False,False,False,True,False,False,False,True
380,Female,Married,High School,476000,Private,7.1,Large Indian,Rented,13900.0,3,2,10500.0,0.0,4200.0,10200.0,8200.0,Yes,12600.0,625.0,1138000.0,57900.0,Personal Loan EMI,68000.0,58,Not_Eligible,500.0,0.026470588235294117,0.09873949579831932,10.557809330628803,2.13,1.0292857142857144,100.0,0.6666666666666666,Unknown,Premium,2,0,1,False,True,False,False,False,True,False,True,False,False,False,False,False,False,True,False,False,False,True,False,False,False,False,True,False,False,False,True
320,Male,Married,Post Graduate,643000,Private,5.5,Large Indian,Own,0.0,3,2,4400.0,0.0,3900.0,17900.0,10300.0,Yes,8000.0,720.0,2454000.0,135400.0,Personal Loan EMI,555000.0,14,Not_Eligible,6930.0,0.012441679626749611,0.056765163297045104,7.7027027027027035,1.65,1.6529393468118199,100.0,0.6666666666666666,Unknown,Premium,5,0,1,False,False,True,False,False,True,False,True,False,False,False,False,False,True,False,False,False,False,True,False,False,False,False,True,False,False,False,True
580,Male,Married,High School,55340,Government,3.3,MNC,Family,0.0,5,4,2500.0,0.0,7100.0,14300.0,10100.0,No,0.0,741.0,676000.0,25300.0,Personal Loan EMI,724000.0,55,Not_Eligible,13508.0,0.0,0.6143838091796169,0.05359116022099447,1.69,5.160462594868088,0.0,0.8,Unknown,Medium,5,0,0,False,True,False,False,True,False,False,False,True,False,False,False,True,False,False,False,False,False,True,False,False,False,False,True,False,False,True,False
480,Male,Married,Graduate,598000,Government,6.9,Large Indian,Rented,9100.0,4,3,3200.0,0.0,7100.0,10500.0,10700.0,No,0.0,777.0,3250000.0,118700.0,Education EMI,450000.0,33,Not_Eligible,12672.0,0.0,0.06789297658862876,3.7535353535353533,2.7699999999999996,2.2930100334448165,0.0,0.75,Unknown,Premium,5,0,0,True,False,False,False,True,False,False,True,False,False,False,False,False,False,True,False,True,False,False,False,False,False,False,True,False,False,False,True
580,Male,Married,High School,362000,Private,10.4,Mid-size,Own,0.0,5,4,8800.0,10300.0,4400.0,8000.0,7200.0,Yes,5500.0,644.0,806000.0,21600.0,Home Appliances EMI,260000.0,11,Not_Eligible,500.0,0.015193370165745856,0.1069060773480663,11.111888111888112,3.12,0.9264088397790056,100.0,0.8,Unknown,Premium,5,0,1,False,True,False,False,False,True,False,False,False,True,False,False,False,True,False,False,False,True,False,False,False,False,False,True,False,False,False,True
270,Male,Single,Graduate,864000,Private,2.7,Large Indian,Rented,22200.0,2,1,0.0,0.0,9400.0,25500.0,9000.0,Yes,12800.0,811.0,6053000.0,127700.0,Education EMI,289000.0,25,Not_Eligible,3465.0,0.014814814814814815,0.07650462962962963,10.86643598615917,0.81,2.8909953703703706,100.0,0.5,Unknown,Premium,5,1,1,True,False,False,False,False,True,False,True,False,False,False,False,False,False,True,False,True,False,False,False,False,False,False,True,False,False,False,True
380,Male,Married,Post Graduate,807000,Private,4.0,Startup,Rented,24700.0,3,2,10700.0,21700.0,6900.0,22200.0,4800.0,Yes,9900.0,670.0,6222000.0,302200.0,Home Appliances EMI,241000.0,13,Not_Eligible,500.0,0.012267657992565056,0.1127633209417596,22.53750398978615,1.2,3.308698884758364,100.0,0.6666666666666666,Unknown,Premium,5,0,1,False,False,True,False,False,True,False,False,False,False,False,True,False,False,True,False,False,True,False,False,False,False,False,True,False,False,False,True
580,M,Married,High School,264000,Private,36.0,Mid-size,Rented,5200.0,3,2,0.0,10700.0,1900.0,6400.0,3200.0,No,0.0,668.0,945000.0,35600.0,E-commerce Shopping EMI,112000.0,23,Not_Eligible,500.0,0.0,0.10378787878787879,9.184782608695652,10.799999999999999,1.5127272727272727,0.0,0.6666666666666666,Unknown,Premium,3,0,0,False,True,False,False,False,True,False,False,False,True,False,False,False,False,True,True,False,False,False,False,False,False,False,True,False,False,False,True
270,Male,Married,Post Graduate,327000,Private,0.7,Mid-size,Family,0.0,3,2,0.0,9000.0,4400.0,6700.0,4600.0,No,0.0,523.0,342000.0,10500.0,Education EMI,457000.0,7,Not_Eligible,1280.0,0.0,0.07553516819571865,9.449828071272274,0.21,0.43761467889908257,0.0,0.6666666666666666,Unknown,Premium,5,0,0,False,False,True,False,False,True,False,False,False,True,False,False,True,False,False,False,True,False,False,False,False,False,False,True,False,False,False,True
580,Female,Married,Post Graduate,277000,Private,2.4,Startup,Rented,6900.0,2,1,11200.0,0.0,2600.0,4200.0,3500.0,No,0.0,778.0,181000.0,8800.0,Education EMI,491000.0,33,Not_Eligible,500.0,0.0,0.10252707581227437,1.53428377460964,0.72,0.2804332129963899,0.0,0.5,Unknown,Premium,2,0,0,False,False,True,False,False,True,False,False,False,False,False,True,False,False,True,False,True,False,False,False,False,False,False,True,False,False,False,True
320,Male,Married,Post Graduate,230000,Private,4.2,Small,Rented,7100.0,2,1,9000.0,0.0,1900.0,5000.0,3100.0,No,0.0,710.0,1064000.0,46300.0,Education EMI,139000.0,15,Not_Eligible,500.0,0.0,0.11347826086956522,9.779376498800959,1.26,1.9712173913043478,0.0,0.5,Unknown,Premium,5,0,0,False,False,True,False,False,True,False,False,False,False,True,False,False,False,True,False,True,False,False,False,False,False,False,True,False,False,False,True
480,Male,Married,Graduate,187000,Self-employed,6.6,Startup,Family,0.0,4,3,0.0,15100.0,1500.0,3900.0,2100.0,Yes,4300.0,652.0,197000.0,6000.0,Vehicle EMI,1011000.0,40,Not_Eligible,500.0,0.022994652406417113,0.12085561497326203,0.3958951533135509,1.9799999999999998,0.4406417112299465,100.0,0.75,Unknown,Premium,5,0,1,True,False,False,False,False,False,True,False,False,False,False,True,True,False,False,False,False,False,False,True,False,False,False,True,False,False,False,True
480,Male,Married,Post Graduate,1110000,Private,1.7,Large Indian,Rented,0.0,4,3,3800.0,0.0,11200.0,28200.0,8700.0,No,0.0,803.0,983000.0,29200.0,Education EMI,311000.0,24,Eligible,20160.0,0.0,0.04675675675675676,14.176045016077172,0.51,0.37001801801801804,0.0,0.75,Unknown,Premium,5,0,0,False,False,True,False,False,True,False,True,False,False,False,False,False,False,True,False,True,False,False,False,False,False,False,True,False,False,False,True
380,Male,Married,Professional,413000,Private,0.8,MNC,Family,0.0,3,2,5600.0,8500.0,3900.0,8200.0,7600.0,No,0.0,769.0,2129000.0,97900.0,Personal Loan EMI,864000.0,18,Not_Eligible,3600.0,0.0,0.08184019370460048,2.4382716049382713,0.24,2.2042130750605327,0.0,0.6666666666666666,Unknown,Premium,5,0,0,False,False,False,True,False,True,False,False,True,False,False,False,True,False,False,False,False,False,True,False,False,False,False,True,False,False,False,True
480,Female,Married,High School,507000,Private,8.3,MNC,Own,0.0,3,2,7600.0,0.0,3900.0,8200.0,7500.0,No,0.0,708.0,1707000.0,92300.0,Personal Loan EMI,694000.0,12,Not_Eligible,11750.0,0.0,0.053648915187376724,5.761287223823247,2.49,1.4559763313609468,0.0,0.6666666666666666,Unknown,Premium,2,0,0,False,True,False,False,False,True,False,False,True,False,False,False,False,True,False,False,False,False,True,False,False,False,False,True,False,False,False,True
580,Male,Married,Graduate,483000,Private,36.0,Mid-size,Own,0.0,3,2,0.0,0.0,4200.0,14000.0,8300.0,No,0.0,736.0,2506000.0,70600.0,Home Appliances EMI,149000.0,33,Eligible,10900.0,0.0,0.054865424430641824,9.284116331096197,10.799999999999999,2.163064182194617,0.0,0.6666666666666666,Unknown,Premium,5,0,0,True,False,False,False,False,True,False,False,False,True,False,False,False,True,False,False,False,True,False,False,False,False,False,True,False,False,False,True
380,Female,Married,Graduate,845000,Private,0.5,Large Indian,Family,0.0,2,1,13100.0,0.0,5300.0,20100.0,6900.0,No,0.0,675.0,4115000.0,94400.0,E-commerce Shopping EMI,162000.0,17,Eligible,15640.0,0.0,0.053727810650887574,29.03413217138707,0.15,2.0149585798816565,0.0,0.5,Unknown,Premium,2,0,0,True,False,False,False,False,True,False,True,False,False,False,False,True,False,False,True,False,False,False,False,False,False,False,True,False,False,False,True
380,Male,Married,Graduate,804000,Private,6.1,Mid-size,Rented,16000.0,2,1,6600.0,0.0,7400.0,21100.0,11900.0,Yes,9300.0,747.0,5773000.0,288700.0,E-commerce Shopping EMI,115000.0,8,Not_Eligible,3118.5,0.011567164179104477,0.07835820895522388,79.53260869565217,1.8299999999999998,3.087587064676617,100.0,0.5,Unknown,Premium,5,0,1,True,False,False,False,False,True,False,False,False,True,False,False,False,False,True,True,False,False,False,False,False,False,False,True,False,False,False,True
380,Female,Married,High School,760000,Private,0.6,Small,Family,6843.0,4,3,12800.0,0.0,9000.0,19200.0,7800.0,Yes,18000.0,588.0,511000.0,16200.0,Personal Loan EMI,82000.0,57,Not_Eligible,1648.64,0.02368421052631579,0.07321447368421052,14.684574240479249,0.18,0.2817368421052632,100.0,0.75,Unknown,Premium,2,0,1,False,True,False,False,False,True,False,False,False,False,True,False,True,False,False,False,False,False,True,False,False,False,False,True,False,False,False,True
370,Female,Married,Professional,581070,Private,5.5,MNC,Rented,16200.0,4,3,4700.0,0.0,7700.0,16300.0,10400.0,Yes,14800.0,647.0,2777000.0,102200.0,Education EMI,318000.0,47,Not_Eligible,500.0,0.02547025315366479,0.0951692567160583,3.418774253980998,1.65,2.0171752112482144,100.0,0.75,Unknown,Premium,2,0,1,False,False,False,True,False,True,False,False,True,False,False,False,False,False,True,False,True,False,False,False,False,False,False,True,False,False,False,True
480,Male,Married,High School,154000,Private,0.5,Large Indian,Rented,2500.0,2,1,0.0,0.0,1000.0,2700.0,2400.0,Yes,3600.0,531.0,105000.0,3500.0,Personal Loan EMI,514000.0,51,Not_Eligible,500.0,0.023376623376623377,0.05584415584415584,0.5409323262378881,0.15,0.2863636363636363,100.0,0.5,Unknown,Premium,5,0,1,False,True,False,False,False,True,False,True,False,False,False,False,False,False,True,False,False,False,True,False,False,False,False,True,False,False,False,True
580,Female,Married,Professional,829000,Self-employed,9.1,Mid-size,Rented,19900.0,2,1,0.0,0.0,7000.0,20800.0,10500.0,Yes,14900.0,752.0,1299000.0,34900.0,E-commerce Shopping EMI,22000.0,16,Eligible,2963.52,0.017973462002412545,0.07020506634499397,214.7443181818182,2.73,0.6520386007237635,100.0,0.5,Unknown,Premium,2,0,1,False,False,False,True,False,False,True,False,False,True,False,False,False,False,True,True,False,False,False,False,False,False,False,True,False,False,False,True
270,Male,Single,Graduate,370000,Private,4.4,Large Indian,Rented,9700.0,3,2,0.0,0.0,3000.0,6900.0,5500.0,No,0.0,698.0,1034000.0,57300.0,Education EMI,305000.0,35,Not_Eligible,5950.0,0.0,0.06783783783783784,3.2309133489461357,1.32,1.2107567567567568,0.0,0.6666666666666666,Unknown,Premium,5,1,0,True,False,False,False,False,True,False,True,False,False,False,False,False,False,True,False,True,False,False,False,False,False,False,True,False,False,False,True
320,Female,Married,Graduate,528000,Private,4.2,Mid-size,Rented,13900.0,4,3,0.0,0.0,5700.0,14500.0,5300.0,Yes,5900.0,681.0,3944000.0,146700.0,Personal Loan EMI,251000.0,18,Not_Eligible,2887.5,0.011174242424242425,0.07462121212121212,10.683930942895087,1.26,3.1545833333333335,100.0,0.75,Unknown,Premium,2,0,1,True,False,False,False,False,True,False,False,False,True,False,False,False,False,True,False,False,False,True,False,False,False,False,True,False,False,False,True
320,Male,Single,Post Graduate,325000,Private,8.8,Mid-size,Own,0.0,1,0,0.0,0.0,3800.0,7000.0,2800.0,No,0.0,690.0,687000.0,27700.0,Education EMI,331000.0,48,High_Risk,9450.0,0.0,0.041846153846153845,1.9599697885196374,2.64,0.8966769230769231,0.0,0.0,Unknown,Premium,5,1,0,False,False,True,False,False,True,False,False,False,True,False,False,False,True,False,False,True,False,False,False,False,False,False,True,False,False,False,True
320,Female,Single,Graduate,380000,Private,5.6,MNC,Rented,10400.0,2,1,3400.0,0.0,4200.0,8500.0,5300.0,No,0.0,686.0,1208000.0,47500.0,Home Appliances EMI,276000.0,18,Not_Eligible,3100.0,0.0,0.08368421052631579,7.008856682769727,1.68,1.346578947368421,0.0,0.5,Unknown,Premium,2,1,0,True,False,False,False,False,True,False,False,True,False,False,False,False,False,True,False,False,True,False,False,False,False,False,True,False,False,False,True
380,Male,Married,High School,582000,Government,16.0,MNC,Family,0.0,2,1,11100.0,0.0,4100.0,16600.0,3400.0,Yes,9500.0,633.0,2915000.0,74200.0,Home Appliances EMI,119000.0,23,Not_Eligible,4158.0,0.01632302405498282,0.06048109965635739,19.630982827913773,5.5,2.079931271477663,100.0,0.5,Unknown,Premium,5,0,1,False,True,False,False,True,False,False,False,True,False,False,False,True,False,False,False,False,True,False,False,False,False,False,True,False,False,False,True
320,Female,Single,Graduate,230000,Self-employed,5.0,Large Indian,Rented,7100.0,2,1,3600.0,0.0,2600.0,3700.0,3100.0,No,0.0,716.0,1779000.0,51900.0,Personal Loan EMI,82000.0,22,Not_Eligible,1435.5,0.0,0.08739130434782609,11.635254988913525,1.5,3.229304347826087,0.0,0.5,Unknown,Premium,2,1,0,True,False,False,False,False,False,True,True,False,False,False,False,False,False,True,False,False,False,True,False,False,False,False,True,False,False,False,True
320,female,Married,High School,683000,Private,4.6,Large Indian,Family,0.0,3,2,15000.0,0.0,8600.0,17200.0,10700.0,No,0.0,676.0,1056000.0,51500.0,Education EMI,489000.0,41,Not_Eligible,6720.0,0.0,0.07540263543191801,3.149783031572647,1.38,0.6636896046852123,0.0,0.6666666666666666,Unknown,Premium,6,0,0,False,True,False,False,False,True,False,True,False,False,False,False,True,False,False,False,True,False,False,False,False,False,False,True,False,False,False,True
270,Male,Single,Graduate,703000,Private,0.8,Mid-size,Own,0.0,2,1,0.0,0.0,6700.0,17800.0,12300.0,Yes,8100.0,645.0,4239000.0,100600.0,Personal Loan EMI,177000.0,20,Not_Eligible,6258.56,0.011522048364153627,0.052347083926031296,18.59039548022599,0.24,2.497809388335704,100.0,0.5,Unknown,Premium,5,1,1,True,False,False,False,False,True,False,False,False,True,False,False,False,True,False,False,False,False,True,False,False,False,False,True,False,False,False,True
380,Male,Married,Professional,568000,Self-employed,2.4,MNC,Own,0.0,4,3,13900.0,0.0,7000.0,14500.0,10400.0,Yes,16100.0,694.0,2945000.0,143400.0,Education EMI,201000.0,14,Not_Eligible,500.0,0.02834507042253521,0.08063380281690141,17.98507462686567,0.72,2.2254225352112678,100.0,0.75,Unknown,Premium,5,0,1,False,False,False,True,False,False,True,False,True,False,False,False,False,True,False,False,True,False,False,False,False,False,False,True,False,False,False,True
320,Male,Married,Post Graduate,952000,Private,0.5,Large Indian,Own,0.0,3,2,0.0,19800.0,5000.0,18100.0,7800.0,No,0.0,766.0,4664000.0,159700.0,E-commerce Shopping EMI,111000.0,11,Eligible,21360.0,0.0,0.0532563025210084,73.81654381654381,0.15,2.0603151260504204,0.0,0.6666666666666666,Unknown,Premium,5,0,0,False,False,True,False,False,True,False,True,False,False,False,False,False,True,False,True,False,False,False,False,False,False,False,True,False,False,False,True
320,Female,Married,Post Graduate,448000,Private,10.0,Large Indian,Own,0.0,3,2,4500.0,0.0,6500.0,8500.0,7900.0,Yes,9900.0,710.0,2822000.0,62100.0,Personal Loan EMI,622000.0,45,Not_Eligible,2887.5,0.022098214285714287,0.061160714285714284,1.467309753483387,3.0,2.6028125,100.0,0.6666666666666666,Unknown,Premium,2,0,1,False,False,True,False,False,True,False,True,False,False,False,False,False,True,False,False,False,False,True,False,False,False,False,True,False,False,False,True
380,Male,Married,High School,793000,Private,1.5,Large Indian,Rented,23800.0,4,3,3600.0,0.0,5800.0,19400.0,8100.0,Yes,13200.0,647.0,4164000.0,231300.0,Home Appliances EMI,209000.0,12,Not_Eligible,1512.0,0.01664564943253468,0.07654476670870114,28.67224880382775,0.44999999999999996,2.275384615384615,100.0,0.75,Unknown,Premium,5,0,1,False,True,False,False,False,True,False,True,False,False,False,False,False,False,True,False,False,True,False,False,False,False,False,True,False,False,False,True
580,Male,Married,Professional,369000,Private,20.2,Small,Own,0.0,5,4,0.0,5100.0,3100.0,10200.0,4100.0,Yes,4000.0,650.0,1953000.0,57200.0,Education EMI,372000.0,46,Not_Eligible,3640.0,0.01084010840108401,0.06097560975609756,2.001519401589528,6.06,2.210081300813008,100.0,0.8,Unknown,Premium,5,0,1,False,False,False,True,False,True,False,False,False,False,True,False,False,True,False,False,True,False,False,False,False,False,False,True,False,False,False,True
580,Male,Married,High School,869000,Self-employed,4.1,Mid-size,Rented,25900.0,2,1,14100.0,0.0,8600.0,16400.0,15000.0,No,0.0,754.0,3041000.0,148700.0,Education EMI,380000.0,20,Not_Eligible,3726.0,0.0,0.09205983889528194,10.381578947368421,1.2299999999999998,1.502439585730725,0.0,0.5,Unknown,Premium,5,0,0,False,True,False,False,False,False,True,False,False,True,False,False,False,False,True,False,True,False,False,False,False,False,False,True,False,False,False,True
270,Female,Single,Professional,552000,Government,1.0,Mid-size,Rented,15900.0,1,0,0.0,0.0,6600.0,12000.0,3200.0,No,0.0,714.0,3934000.0,220000.0,Personal Loan EMI,994000.0,22,Not_Eligible,9625.0,0.0,0.06829710144927537,2.3518383025425282,1.0,3.0898550724637683,0.0,0.0,Unknown,Premium,2,1,0,False,False,False,True,True,False,False,False,False,True,False,False,False,False,True,False,False,False,True,False,False,False,False,True,False,False,False,True
320,Male,Married,Post Graduate,441000,Private,2.2,Large Indian,Family,0.0,3,2,7500.0,0.0,6200.0,11900.0,4500.0,No,0.0,711.0,2826000.0,164800.0,E-commerce Shopping EMI,68000.0,14,Eligible,7700.0,0.0,0.06825396825396825,43.161764705882355,0.66,2.787482993197279,0.0,0.6666666666666666,Unknown,Premium,5,0,0,False,False,True,False,False,True,False,True,False,False,False,False,True,False,False,True,False,False,False,False,False,False,False,True,False,False,False,True
380,Female,Married,Post Graduate,234000,Government,7.6,MNC,Rented,3600.0,4,3,0.0,21700.0,3500.0,5200.0,2000.0,Yes,2300.0,700.0,1854000.0,45500.0,Education EMI,60000.0,24,Not_Eligible,500.0,0.009829059829059829,0.15384615384615385,13.590277777777779,2.9799999999999995,3.285897435897436,100.0,0.75,Unknown,Premium,2,0,1,False,False,True,False,True,False,False,False,True,False,False,False,False,False,True,False,True,False,False,False,False,False,False,True,False,False,False,True
270,Male,Married,Graduate,409000,Government,1.0,MNC,Own,0.0,4,3,8100.0,0.0,2500.0,6800.0,6300.0,No,0.0,762.0,1154000.0,24500.0,Personal Loan EMI,245000.0,20,Not_Eligible,10320.0,0.0,0.05794621026894865,7.863265306122449,1.0,1.1645476772616137,0.0,0.75,Unknown,Premium,5,0,0,True,False,False,False,True,False,False,False,True,False,False,False,False,True,False,False,False,False,True,False,False,False,False,True,False,False,False,True
380,Male,Married,Graduate,180000,Private,16.0,Large Indian,Rented,4400.0,4,3,7400.0,0.0,1000.0,3000.0,1900.0,No,0.0,676.0,734000.0,15400.0,Vehicle EMI,434000.0,24,Not_Eligible,500.0,0.0,0.09833333333333333,1.558179723502304,4.8,1.6824444444444444,0.0,0.75,Unknown,Premium,5,0,0,True,False,False,False,False,True,False,True,False,False,False,False,False,False,True,False,False,False,False,True,False,False,False,True,False,False,False,True
320,Female,Married,Post Graduate,693000,Private,3.2,MNC,Family,0.0,4,3,2900.0,0.0,6000.0,14900.0,10600.0,No,0.0,683.0,1189000.0,58100.0,Home Appliances EMI,80000.0,8,Eligible,13960.0,0.0,0.04963924963924964,102.90625,0.96,0.7365945165945167,0.0,0.75,Unknown,Premium,2,0,0,False,False,True,False,False,True,False,False,True,False,False,False,True,False,False,False,False,True,False,False,False,False,False,True,False,False,False,True
320,Male,Married,Professional,719000,Private,0.5,MNC,Rented,11800.0,2,1,0.0,0.0,4500.0,14500.0,7200.0,Yes,17200.0,686.0,920000.0,31000.0,Education EMI,488000.0,31,Not_Eligible,3740.8,0.0239221140472879,0.05285118219749652,4.387890005288207,0.15,0.5376912378303199,100.0,0.5,Unknown,Premium,5,0,1,False,False,False,True,False,True,False,False,True,False,False,False,False,False,True,False,True,False,False,False,False,False,False,True,False,False,False,True
320,Female,Single,Post Graduate,412000,Government,2.3,Mid-size,Family,13983.0,1,0,0.0,0.0,2700.0,9100.0,5500.0,No,0.0,768.0,1873000.0,49800.0,Home Appliances EMI,273000.0,16,Not_Eligible,14340.0,0.0,0.07592961165048544,8.716048534798535,1.39,1.8909708737864077,0.0,0.0,Unknown,Premium,2,1,0,False,False,True,False,True,False,False,False,False,True,False,False,True,False,False,False,False,True,False,False,False,False,False,True,False,False,False,True
320,Male,Married,Graduate,609000,Government,0.6,Startup,Family,0.0,4,3,11900.0,0.0,4400.0,12900.0,5200.0,Yes,13100.0,664.0,3283000.0,78300.0,Education EMI,268000.0,17,Not_Eligible,4690.0,0.021510673234811165,0.05648604269293925,12.324407374890255,0.8799999999999999,2.233464696223317,100.0,0.75,Unknown,Premium,5,0,1,True,False,False,False,True,False,False,False,False,False,False,True,True,False,False,False,True,False,False,False,False,False,False,True,False,False,False,True
380,Male,Married,Graduate,180000,Private,2.7,MNC,Rented,3400.0,3,2,0.0,16500.0,2300.0,5000.0,2400.0,Yes,3200.0,656.0,195000.0,11200.0,Vehicle EMI,671000.0,13,Not_Eligible,500.0,0.017777777777777778,0.16444444444444445,1.6874928350338187,0.81,0.4706666666666667,100.0,0.6666666666666666,Unknown,Premium,5,0,1,True,False,False,False,False,True,False,False,True,False,False,False,False,False,True,False,False,False,False,True,False,False,False,True,False,False,False,True
480,Male,Married,Post Graduate,1201000,Government,0.5,Large Indian,Family,0.0,4,3,11800.0,6400.0,15200.0,32700.0,12400.0,No,0.0,689.0,1639000.0,88700.0,Vehicle EMI,640000.0,24,Not_Eligible,16640.0,0.0,0.06536219816819318,7.307942708333333,0.85,0.5901915070774355,0.0,0.75,Unknown,Premium,5,0,0,False,False,True,False,True,False,False,True,False,False,False,False,True,False,False,False,False,False,False,True,False,False,False,True,False,False,False,True
320,Male,Married,High School,56440,Private,5.5,Large Indian,Own,6982.0,4,3,14700.0,19600.0,4400.0,21200.0,4600.0,No,0.0,676.0,2928000.0,92400.0,Education EMI,160000.0,30,High_Risk,6800.0,0.0,1.2665131112686039,-0.31337499999999996,1.65,21.73352232459249,0.0,0.75,Unknown,Medium,5,0,0,False,True,False,False,False,True,False,True,False,False,False,False,False,True,False,False,True,False,False,False,False,False,False,True,False,False,True,False
320,Male,Married,Post Graduate,796000,Private,1.5,Mid-size,Rented,27800.0,2,1,7400.0,0.0,11900.0,14000.0,7400.0,Yes,14600.0,631.0,4227000.0,178600.0,Vehicle EMI,90000.0,74,Not_Eligible,500.0,0.018341708542713567,0.08605527638190955,10.704204204204204,0.44999999999999996,2.2587437185929646,100.0,0.5,Unknown,Premium,5,0,1,False,False,True,False,False,True,False,False,False,True,False,False,False,False,True,False,False,False,False,True,False,False,False,True,False,False,False,True
580,Male,Married,Graduate,854000,Private,7.1,Large Indian,Family,0.0,4,3,7100.0,0.0,6800.0,19400.0,14400.0,Yes,14800.0,661.0,2419000.0,59400.0,Vehicle EMI,103000.0,83,Eligible,8015.0,0.017330210772833723,0.05585480093676815,9.258392794478887,2.13,1.1747540983606557,100.0,0.75,Unknown,Premium,5,0,1,True,False,False,False,False,True,False,True,False,False,False,False,True,False,False,False,False,False,False,True,False,False,False,True,False,False,False,True
580,Male,Married,Professional,728000,Private,13.6,MNC,Rented,12200.0,3,2,0.0,0.0,6400.0,12000.0,8600.0,No,0.0,722.0,3472000.0,79300.0,Home Appliances EMI,34000.0,23,Eligible,16800.0,0.0,0.05384615384615385,88.08184143222506,4.08,1.9730494505494507,0.0,0.6666666666666666,Unknown,Premium,5,0,0,False,False,False,True,False,True,False,False,True,False,False,False,False,False,True,False,False,True,False,False,False,False,False,True,False,False,False,True
320,Female,Single,Graduate,398000,Private,3.4,Mid-size,Rented,12900.0,1,0,0.0,0.0,5300.0,8300.0,2700.0,No,0.0,600.0,2883000.0,77200.0,Personal Loan EMI,468000.0,33,Not_Eligible,4664.0,0.0,0.07336683417085427,2.387982387982388,1.02,3.0138693467336686,0.0,0.0,Unknown,Premium,2,1,0,True,False,False,False,False,True,False,False,False,True,False,False,False,False,True,False,False,False,True,False,False,False,False,True,False,False,False,True
320,Male,Married,Post Graduate,546000,Private,0.5,Large Indian,Rented,12200.0,4,3,0.0,0.0,8100.0,8300.0,5200.0,No,0.0,765.0,4224000.0,129300.0,E-commerce Shopping EMI,120000.0,11,Not_Eligible,10982.4,0.0,0.06190476190476191,38.8030303030303,0.15,3.2365934065934066,0.0,0.75,Unknown,Premium,5,0,0,False,False,True,False,False,True,False,True,False,False,False,False,False,False,True,True,False,False,False,False,False,False,False,True,False,False,False,True
380,Female,Married,High School,188000,Private,8.0,MNC,Family,0.0,2,1,4100.0,0.0,2000.0,5400.0,1100.0,Yes,5000.0,744.0,121000.0,5700.0,Home Appliances EMI,108000.0,30,Not_Eligible,500.0,0.026595744680851064,0.06702127659574468,5.2592592592592595,2.4,0.2756382978723404,100.0,0.5,Unknown,Premium,2,0,1,False,True,False,False,False,True,False,False,True,False,False,False,True,False,False,False,False,True,False,False,False,False,False,True,False,False,False,True
380,Male,Married,Graduate,585000,Self-employed,0.5,Mid-size,Rented,20100.0,4,3,0.0,0.0,8400.0,12000.0,10100.0,No,0.0,753.0,2910000.0,87100.0,Education EMI,293000.0,29,Not_Eligible,4266.0,0.0,0.0864957264957265,6.289278568906672,0.15,2.079076923076923,0.0,0.75,Unknown,Premium,5,0,0,True,False,False,False,False,False,True,False,False,True,False,False,False,False,True,False,True,False,False,False,False,False,False,True,False,False,False,True
480,Female,Married,Post Graduate,752000,Private,26.0,Startup,Rented,21200.0,3,2,12900.0,8900.0,5500.0,20700.0,10300.0,No,0.0,699.0,3206000.0,73400.0,Education EMI,59000.0,25,Not_Eligible,500.0,0.0,0.10571808510638298,45.593220338983045,7.8,1.7638829787234043,0.0,0.6666666666666666,Unknown,Premium,2,0,0,False,False,True,False,False,True,False,False,False,False,False,True,False,False,True,False,True,False,False,False,False,False,False,True,False,False,False,True
320,Female,Single,Post Graduate,560000,Self-employed,10.0,Mid-size,Own,0.0,2,1,7300.0,0.0,5500.0,14000.0,11100.0,No,0.0,701.0,3231000.0,68000.0,E-commerce Shopping EMI,93000.0,24,Eligible,8145.0,0.0,0.06767857142857144,23.3915770609319,3.0,2.380714285714286,0.0,0.5,Unknown,Premium,2,1,0,False,False,True,False,False,False,True,False,False,True,False,False,False,True,False,True,False,False,False,False,False,False,False,True,False,False,False,True
580,MALE,Married,Professional,439000,Private,4.3,Mid-size,Family,0.0,3,2,8700.0,0.0,6600.0,7500.0,6800.0,No,0.0,714.0,3001000.0,75500.0,Home Appliances EMI,29000.0,29,Eligible,7865.0,0.0,0.0674259681093394,48.68014268727705,1.2899999999999998,2.837585421412301,0.0,0.6666666666666666,Unknown,Premium,4,0,0,False,False,False,True,False,True,False,False,False,True,False,False,True,False,False,False,False,True,False,False,False,False,False,True,False,False,False,True
380,Male,Married,Graduate,278000,Private,2.4,MNC,Own,0.0,2,1,3400.0,0.0,1900.0,5600.0,4400.0,Yes,5500.0,703.0,1184000.0,35600.0,Home Appliances EMI,286000.0,8,Not_Eligible,2450.0,0.019784172661870502,0.05503597122302158,11.241258741258742,0.72,1.780431654676259,100.0,0.5,Unknown,Premium,5,0,1,True,False,False,False,False,True,False,False,True,False,False,False,False,True,False,False,False,True,False,False,False,False,False,True,False,False,False,True
380,Male,Married,Graduate,565000,Private,2.9,Large Indian,Rented,11500.0,3,2,0.0,0.0,6900.0,13900.0,4100.0,No,0.0,676.0,3259000.0,74000.0,E-commerce Shopping EMI,81000.0,19,Eligible,10050.0,0.0,0.06442477876106195,34.346978557504876,0.87,2.3858407079646016,0.0,0.6666666666666666,Unknown,Premium,5,0,0,True,False,False,False,False,True,False,True,False,False,False,False,False,False,True,True,False,False,False,False,False,False,False,True,False,False,False,True
320,Female,Single,Professional,668000,Private,0.9,Mid-size,Own,0.0,2,1,0.0,0.0,7700.0,11400.0,7300.0,Yes,8400.0,707.0,1508000.0,73100.0,E-commerce Shopping EMI,99000.0,19,Eligible,8960.0,0.012574850299401197,0.03952095808383234,33.66294524189261,0.27,0.9686526946107784,100.0,0.5,Unknown,Premium,2,1,1,False,False,False,True,False,True,False,False,False,True,False,False,False,True,False,True,False,False,False,False,False,False,False,True,False,False,False,True
480,Male,Married,Graduate,461000,Private,1.3,Large Indian,Rented,13200.0,2,1,0.0,0.0,5100.0,12500.0,8700.0,Yes,5500.0,598.0,1509000.0,36000.0,Education EMI,300000.0,30,Not_Eligible,500.0,0.01193058568329718,0.08568329718004339,4.622222222222222,0.39,1.356182212581345,100.0,0.5,Unknown,Premium,5,0,1,True,False,False,False,False,True,False,True,False,False,False,False,False,False,True,False,True,False,False,False,False,False,False,True,False,False,False,True
