age,gender,marital_status,education,monthly_salary,employment_type,years_of_employment,company_type,house_type,monthly_rent,family_size,dependents,school_fees,college_fees,travel_expenses,groceries_utilities,other_monthly_expenses,existing_loans,current_emi_amount,credit_score,bank_balance,emergency_fund,emi_scenario,requested_amount,requested_tenure,emi_eligibility,max_monthly_emi,debt_to_income_ratio,expense_to_income_ratio,affordability_ratio,employment_stability_score,financial_stability_score,credit_utilization,dependency_ratio,age_group,income_category,gender_encoded,marital_status_encoded,existing_loans_encoded,education_Graduate,education_High School,education_Post Graduate,education_Professional,education_Unknown,employment_type_Government,employment_type_Private,employment_type_Self-employed,employment_type_Unknown,company_type_Large Indian,company_type_MNC,company_type_Mid-size,company_type_Small,company_type_Startup,company_type_Unknown,house_type_Family,house_type_Own,house_type_Rented,house_type_Unknown,emi_scenario_E-commerce Shopping EMI,emi_scenario_Education EMI,emi_scenario_Home Appliances EMI,emi_scenario_Personal Loan EMI,emi_scenario_Vehicle EMI,emi_scenario_Unknown,age_group_Adult,age_group_Middle_Age,age_group_Senior,age_group_Unknown,age_group_Young,income_category_High,income_category_Medium,income_category_Premium,income_category_Unknown
380,Female,Married,Professional,826000,Private,0.9,Mid-size,Rented,200000.0,3,2,0.0,0.0,7200.0,19500.0,13200.0,Yes,23700.0,6600.0,3032000.0,702000.0,Personal Loan EMI,850000.0,15,Not_Eligible,500.0,0.028692493946731235,0.2904358353510896,4.410980392156863,0.27,1.9782082324455206,359.09090909090907,0.6666666666666666,Unknown,Premium,2,0,1,False,False,False,True,0,False,True,False,0,False,False,True,False,False,0,False,False,True,0,False,False,False,True,False,0,False,False,False,True,False,False,False,True,0
380,Female,Married,Graduate,215000,Private,7.0,MNC,Family,0.0,2,1,5100.0,0.0,1400.0,5400.0,3500.0,Yes,4100.0,7140.0,925000.0,269000.0,E-commerce Shopping EMI,128000.0,19,Not_Eligible,700.0,0.019069767441860466,0.07162790697674419,8.038651315789473,2.1,2.471627906976744,57.422969187675065,0.5,Unknown,Premium,2,0,1,True,False,False,False,0,False,True,False,0,False,True,False,False,False,0,True,False,False,0,True,False,False,False,False,0,False,False,False,True,False,False,False,True,0
380,Male,Married,Professional,861000,Private,5.8,Startup,Own,0.0,4,3,0.0,0.0,10200.0,19400.0,6000.0,No,0.0,6500.0,6721000.0,3242000.0,Education EMI,306000.0,16,Eligible,27775.0,0.0,0.0413472706155633,16.858660130718956,1.74,5.38164924506388,0.0,0.75,Unknown,Premium,5,0,0,False,False,False,True,0,False,True,False,0,False,False,False,False,True,0,False,True,False,0,False,True,False,False,False,0,False,False,False,True,False,False,False,True,0
580,Female,Married,High School,668000,Private,2.2,Mid-size,Own,0.0,5,4,11400.0,0.0,6200.0,11900.0,7900.0,No,0.0,6850.0,4409000.0,1781000.0,Vehicle EMI,304000.0,83,Eligible,16170.0,0.0,0.05598802395209581,2.4992073557387444,0.66,4.2398203592814365,0.0,0.8,Unknown,Premium,2,0,0,False,True,False,False,0,False,True,False,0,False,False,True,False,False,0,False,True,False,0,False,False,False,False,True,0,False,False,False,True,False,False,False,True,0
480,Female,Married,Professional,573000,Private,3.4,Mid-size,Family,0.0,4,3,9400.0,21300.0,3600.0,16200.0,8100.0,No,0.0,7700.0,973000.0,282000.0,Home Appliances EMI,252000.0,7,Not_Eligible,500.0,0.0,0.10226876090750436,29.160997732426303,1.02,0.974520069808028,0.0,0.75,Unknown,Premium,2,0,0,False,False,False,True,0,False,True,False,0,False,False,True,False,False,0,True,False,False,0,False,False,True,False,False,0,False,False,False,True,False,False,False,True,0
380,Male,Married,High School,388000,Government,5.0,Large Indian,Rented,135000.0,4,3,0.0,24100.0,3400.0,8200.0,6700.0,No,0.0,7920.0,2608000.0,556000.0,Vehicle EMI,1257000.0,53,Not_Eligible,500.0,0.0,0.4572164948453608,0.3161165398297834,2.2,3.548453608247423,0.0,0.75,Unknown,Premium,5,0,0,False,True,False,False,0,True,False,False,0,True,False,False,False,False,0,False,False,True,0,False,False,False,False,True,0,False,False,False,True,False,False,False,True,0
580,Male,Single,High School,271000,Private,36.0,Large Indian,Own,0.0,3,2,10200.0,0.0,1600.0,7300.0,4100.0,No,0.0,7410.0,680000.0,362000.0,Home Appliances EMI,280000.0,11,Not_Eligible,1950.0,0.0,0.08560885608856089,8.045454545454547,10.799999999999999,1.8051660516605166,0.0,0.6666666666666666,Unknown,Premium,5,1,0,False,True,False,False,0,False,True,False,0,True,False,False,False,False,0,False,True,False,0,False,False,True,False,False,0,False,False,False,True,False,False,False,True,0
580,Female,Married,Post Graduate,3920440,Private,12.9,MNC,Family,0.0,4,3,0.0,0.0,5600.0,12300.0,3000.0,Yes,9900.0,6230.0,1846000.0,617000.0,E-commerce Shopping EMI,153000.0,12,Not_Eligible,8260.0,0.0025252267602616034,0.005331034271663385,211.85403050108934,3.87,0.2827743824672741,158.908507223114,0.75,Unknown,Premium,2,0,1,False,False,True,False,0,False,True,False,0,False,True,False,False,False,0,True,False,False,0,True,False,False,False,False,0,False,False,False,True,False,False,False,True,0
580,Female,Married,Professional,477000,Private,36.0,Large Indian,Family,0.0,3,2,15000.0,0.0,6100.0,7300.0,8300.0,No,0.0,7120.0,2356000.0,818000.0,E-commerce Shopping EMI,106000.0,14,Not_Eligible,5500.0,0.0,0.0769392033542977,29.669811320754718,10.799999999999999,3.004612159329141,0.0,0.6666666666666666,Unknown,Premium,2,0,0,False,False,False,True,0,False,True,False,0,True,False,False,False,False,0,True,False,False,0,True,False,False,False,False,0,False,False,False,True,False,False,False,True,0
320,female,Single,Post Graduate,1292000,Private,1.9,MNC,Family,0.0,2,1,8100.0,11300.0,11800.0,24100.0,16500.0,Yes,33100.0,6810.0,9632000.0,5191000.0,E-commerce Shopping EMI,81000.0,3,Not_Eligible,9355.5,0.025619195046439627,0.05557275541795666,488.51851851851853,0.57,5.392724458204334,486.049926578561,0.5,Unknown,Premium,6,1,1,False,False,True,False,0,False,True,False,0,False,True,False,False,False,0,True,False,False,0,True,False,False,False,False,0,False,False,False,True,False,False,False,True,0
320,Female,Single,Post Graduate,586000,Government,7.5,Mid-size,Family,0.0,2,1,0.0,8900.0,3100.0,11000.0,9300.0,Yes,7100.0,7910.0,3007000.0,1015000.0,Vehicle EMI,518000.0,77,Not_Eligible,8870.4,0.012116040955631398,0.05511945392491468,1.3704056561199418,2.95,3.0918088737201366,89.7597977243995,0.5,Unknown,Premium,2,1,1,False,False,True,False,0,True,False,False,0,False,False,True,False,False,0,True,False,False,0,False,False,False,False,True,0,False,False,False,True,False,False,False,True,0
380,Female,Married,Graduate,470000,Private,3.7,Large Indian,Rented,131000.0,3,2,0.0,15300.0,6800.0,8900.0,2500.0,Yes,11300.0,5600.0,1851000.0,487000.0,Personal Loan EMI,650000.0,41,Not_Eligible,500.0,0.02404255319148936,0.35,1.1039399624765478,1.11,2.197021276595745,201.78571428571428,0.6666666666666666,Unknown,Premium,2,0,1,True,False,False,False,0,False,True,False,0,True,False,False,False,False,0,False,False,True,0,False,False,False,True,False,0,False,False,False,True,False,False,False,True,0
320,male,Married,Graduate,118370,Private,1.3,Large Indian,Rented,117000.0,4,3,0.0,0.0,3800.0,14000.0,3400.0,No,0.0,6950.0,1296000.0,709000.0,E-commerce Shopping EMI,30000.0,12,Eligible,13440.0,0.0,1.167525555461688,-5.508333333333333,0.39,7.973304046633437,0.0,0.75,Unknown,Premium,7,0,0,True,False,False,False,0,False,True,False,0,True,False,False,False,False,0,False,False,True,0,True,False,False,False,False,0,False,False,False,True,False,False,False,True,0
480,Male,Married,Professional,539000,Self-employed,3.2,MNC,Own,0.0,4,3,0.0,20300.0,4000.0,10500.0,3900.0,Yes,6300.0,6910.0,3505000.0,1837000.0,Home Appliances EMI,221000.0,15,Not_Eligible,3083.85,0.011688311688311689,0.07179962894248608,14.901960784313726,0.96,4.646011131725418,91.17221418234443,0.75,Unknown,Premium,5,0,1,False,False,False,True,0,False,False,True,0,False,True,False,False,False,0,False,True,False,0,False,False,True,False,False,0,False,False,False,True,False,False,False,True,0
270,Female,Married,Post Graduate,1108000,Government,0.5,MNC,Family,0.0,4,3,10900.0,0.0,6200.0,27700.0,9000.0,No,0.0,7880.0,1573000.0,405000.0,E-commerce Shopping EMI,83000.0,21,Eligible,27360.0,0.0,0.048555956678700364,60.48192771084337,0.85,0.7871841155234657,0.0,0.75,Unknown,Premium,2,0,0,False,False,True,False,0,True,False,False,0,False,True,False,False,False,0,True,False,False,0,True,False,False,False,False,0,False,False,False,True,False,False,False,True,0
480,Female,Married,Post Graduate,640000,Self-employed,26.0,MNC,Rented,176000.0,2,1,0.0,0.0,4900.0,14000.0,8400.0,Yes,18600.0,6640.0,387000.0,123000.0,Personal Loan EMI,650000.0,60,Not_Eligible,500.0,0.0290625,0.31765625,1.072051282051282,7.8,0.35718750000000005,280.12048192771084,0.5,Unknown,Premium,2,0,1,False,False,True,False,0,False,False,True,0,False,True,False,False,False,0,False,False,True,0,False,False,False,True,False,0,False,False,False,True,False,False,False,True,0
380,Male,Married,Graduate,466000,Private,0.9,Mid-size,Own,0.0,4,3,0.0,0.0,6300.0,10000.0,5400.0,Yes,10400.0,6620.0,1257000.0,739000.0,Vehicle EMI,1179000.0,61,Not_Eligible,4060.0,0.022317596566523604,0.04656652360515021,0.6033176212127532,0.27,2.030472103004292,157.09969788519638,0.75,Unknown,Premium,5,0,1,True,False,False,False,0,False,True,False,0,False,False,True,False,False,0,False,True,False,0,False,False,False,False,True,0,False,False,False,True,False,False,False,True,0
270,Male,Single,Post Graduate,774000,Government,0.9,MNC,Family,0.0,2,1,10900.0,0.0,8300.0,15600.0,10300.0,Yes,21200.0,6650.0,5512000.0,3292000.0,Home Appliances EMI,162000.0,33,Not_Eligible,4273.5,0.02739018087855297,0.0582687338501292,13.237934904601573,0.97,5.400516795865633,318.796992481203,0.5,Unknown,Premium,5,1,1,False,False,True,False,0,True,False,False,0,False,True,False,False,False,0,True,False,False,0,False,False,True,False,False,0,False,False,False,True,False,False,False,True,0
320,Male,Married,Graduate,407000,Private,3.2,Large Indian,Rented,84000.0,3,2,12000.0,0.0,3800.0,8800.0,6600.0,Yes,4800.0,6550.0,1182000.0,388000.0,Vehicle EMI,1286000.0,33,Not_Eligible,500.0,0.011793611793611793,0.28304668304668307,0.6762806918327914,0.96,1.7336609336609339,73.2824427480916,0.6666666666666666,Unknown,Premium,5,0,1,True,False,False,False,0,False,True,False,0,True,False,False,False,False,0,False,False,True,0,False,False,False,False,True,0,False,False,False,True,False,False,False,True,0
380,Female,Married,Post Graduate,475000,Private,0.5,MNC,Own,0.0,4,3,9100.0,0.0,3200.0,13500.0,6900.0,No,0.0,7190.0,1343000.0,427000.0,Home Appliances EMI,226000.0,35,Not_Eligible,5920.0,0.0,0.0688421052631579,5.591656131479141,0.15,1.6703157894736842,0.0,0.75,Unknown,Premium,2,0,0,False,False,True,False,0,False,True,False,0,False,True,False,False,False,0,False,True,False,0,False,False,True,False,False,0,False,False,False,True,False,False,False,True,0
480,Male,Married,Post Graduate,656000,Private,0.9,MNC,Family,0.0,2,1,10800.0,0.0,9600.0,18500.0,7600.0,Yes,13600.0,6630.0,4866000.0,2714000.0,Personal Loan EMI,689000.0,57,Not_Eligible,1694.0,0.020731707317073172,0.07088414634146341,1.5173274259669494,0.27,5.449390243902439,205.12820512820514,0.5,Unknown,Premium,5,0,1,False,False,True,False,0,False,True,False,0,False,True,False,False,False,0,True,False,False,0,False,False,False,True,False,0,False,False,False,True,False,False,False,True,0
270,Female,Single,Post Graduate,673000,Government,0.8,MNC,Rented,164000.0,1,0,0.0,0.0,5600.0,17600.0,8000.0,No,0.0,7650.0,4486000.0,1428000.0,Education EMI,226000.0,36,Eligible,13002.0,0.0,0.29004457652303123,5.872664700098328,0.94,3.9393759286775634,0.0,0.0,Unknown,Premium,2,1,0,False,False,True,False,0,True,False,False,0,False,True,False,False,False,0,False,False,True,0,False,True,False,False,False,0,False,False,False,True,False,False,False,True,0
380,Male,Married,Graduate,150000,Private,4.2,Large Indian,Rented,38000.0,3,2,9300.0,22400.0,1600.0,2600.0,1700.0,No,0.0,7140.0,893000.0,454000.0,Home Appliances EMI,214000.0,7,Not_Eligible,500.0,0.0,0.504,4.966622162883845,1.26,4.197333333333334,0.0,0.6666666666666666,Unknown,Premium,5,0,0,True,False,False,False,0,False,True,False,0,True,False,False,False,False,0,False,False,True,0,False,False,True,False,False,0,False,False,False,True,False,False,False,True,0
320,Male,Married,Professional,292000,Government,2.6,Mid-size,Rented,72000.0,5,4,0.0,0.0,2600.0,5500.0,4500.0,Yes,5200.0,8040.0,1467000.0,827000.0,Vehicle EMI,897000.0,63,Not_Eligible,1764.0,0.01780821917808219,0.2897260273972603,0.35780644476296647,1.48,3.7089041095890414,64.67661691542288,0.8,Unknown,Premium,5,0,1,False,False,False,True,0,True,False,False,0,False,False,True,False,False,0,False,False,True,0,False,False,False,False,True,0,False,False,False,True,False,False,False,True,0
380,Female,Married,High School,616000,Private,3.9,MNC,Family,0.0,4,3,11700.0,0.0,3100.0,12700.0,12100.0,No,0.0,7550.0,4817000.0,983000.0,E-commerce Shopping EMI,46000.0,7,Eligible,14520.0,0.0,0.06428571428571428,179.00621118012424,1.17,4.08538961038961,0.0,0.75,Unknown,Premium,2,0,0,False,True,False,False,0,False,True,False,0,False,True,False,False,False,0,True,False,False,0,True,False,False,False,False,0,False,False,False,True,False,False,False,True,0
320,Female,Married,Graduate,728000,Private,9.7,Startup,Own,0.0,3,2,5500.0,0.0,6100.0,11100.0,8200.0,No,0.0,8080.0,3740000.0,1551000.0,E-commerce Shopping EMI,156000.0,20,Eligible,25140.0,0.0,0.04244505494505495,22.34294871794872,2.9099999999999997,3.3332417582417584,0.0,0.6666666666666666,Unknown,Premium,2,0,0,True,False,False,False,0,False,True,False,0,False,False,False,False,True,0,False,True,False,0,True,False,False,False,False,0,False,False,False,True,False,False,False,True,0
480,Male,Married,Graduate,407000,Private,4.7,Mid-size,Own,0.0,3,2,0.0,0.0,5300.0,6500.0,3300.0,Yes,7800.0,7100.0,1620000.0,650000.0,Vehicle EMI,612000.0,75,Not_Eligible,6230.0,0.019164619164619166,0.0371007371007371,0.8368191721132897,1.41,2.5503685503685505,109.85915492957747,0.6666666666666666,Unknown,Premium,5,0,1,True,False,False,False,0,False,True,False,0,False,False,True,False,False,0,False,True,False,0,False,False,False,False,True,0,False,False,False,True,False,False,False,True,0
480,Male,Married,Graduate,950000,Private,9.6,Large Indian,Rented,144000.0,3,2,0.0,0.0,5500.0,19400.0,8000.0,No,0.0,7690.0,3749000.0,1884000.0,E-commerce Shopping EMI,156000.0,8,Eligible,28620.0,0.0,0.18621052631578947,61.94711538461538,2.88,2.768421052631579,0.0,0.6666666666666666,Unknown,Premium,5,0,0,True,False,False,False,0,False,True,False,0,True,False,False,False,False,0,False,False,True,0,True,False,False,False,False,0,False,False,False,True,False,False,False,True,0
270,Male,Married,Graduate,1232000,Private,1.7,Large Indian,Own,0.0,3,2,5400.0,6500.0,8700.0,20300.0,16100.0,No,0.0,6480.0,1121000.0,549000.0,Personal Loan EMI,378000.0,16,Not_Eligible,21184.0,0.0,0.04626623376623377,19.427910052910054,0.51,0.6313311688311689,0.0,0.6666666666666666,Unknown,Premium,5,0,0,True,False,False,False,0,False,True,False,0,True,False,False,False,False,0,False,True,False,0,False,False,False,True,False,0,False,False,False,True,False,False,False,True,0
480,Male,Married,Graduate,284000,Private,9.4,Startup,Own,0.0,4,3,0.0,15000.0,3000.0,5800.0,2300.0,Yes,5300.0,7460.0,1498000.0,359000.0,Vehicle EMI,746000.0,23,Not_Eligible,500.0,0.018661971830985915,0.09190140845070423,1.472199557057932,2.82,2.86830985915493,71.0455764075067,0.75,Unknown,Premium,5,0,1,True,False,False,False,0,False,True,False,0,False,False,False,False,True,0,False,True,False,0,False,False,False,False,True,0,False,False,False,True,False,False,False,True,0
380,Male,Married,Graduate,298000,Self-employed,4.1,Small,Rented,72000.0,3,2,0.0,0.0,4200.0,6700.0,3300.0,Yes,6400.0,6140.0,927000.0,331000.0,Personal Loan EMI,142000.0,49,Not_Eligible,504.0,0.021476510067114093,0.28926174496644297,2.951997700488646,1.2299999999999998,1.910738255033557,104.23452768729642,0.6666666666666666,Unknown,Premium,5,0,1,True,False,False,False,0,False,False,True,0,False,False,False,True,False,0,False,False,True,0,False,False,False,True,False,0,False,False,False,True,False,False,False,True,0
320,Male,Married,High School,326000,Government,2.2,Mid-size,Own,0.0,4,3,0.0,12700.0,3300.0,5800.0,6400.0,No,0.0,8190.0,2063000.0,576000.0,E-commerce Shopping EMI,96000.0,14,Not_Eligible,2904.0,0.0,0.08650306748466258,22.157738095238095,1.3599999999999999,3.5914110429447854,0.0,0.75,Unknown,Premium,5,0,0,False,True,False,False,0,True,False,False,0,False,False,True,False,False,0,False,True,False,0,True,False,False,False,False,0,False,False,False,True,False,False,False,True,0
380,Male,Single,Graduate,552000,Self-employed,1.0,Mid-size,Own,0.0,1,0,0.0,0.0,7100.0,8600.0,9900.0,No,0.0,5700.0,1327000.0,610000.0,E-commerce Shopping EMI,39000.0,14,Eligible,10656.0,0.0,0.0463768115942029,96.41025641025641,0.3,1.6246376811594203,0.0,0.0,Unknown,Premium,5,1,0,True,False,False,False,0,False,False,True,0,False,False,True,False,False,0,False,True,False,0,True,False,False,False,False,0,False,False,False,True,False,False,False,True,0
270,Female,Married,Post Graduate,1209000,Private,1.7,MNC,Family,0.0,5,4,9100.0,0.0,10800.0,23400.0,10100.0,Yes,34300.0,6060.0,4160000.0,2239000.0,Vehicle EMI,1305000.0,45,Not_Eligible,9296.0,0.02837055417700579,0.044168734491315136,1.9094082588335461,0.51,2.4875103391232427,566.0066006600659,0.8,Unknown,Premium,2,0,1,False,False,True,False,0,False,True,False,0,False,True,False,False,False,0,True,False,False,0,False,False,False,False,True,0,False,False,False,True,False,False,False,True,0
320,Female,Married,Graduate,289000,Government,7.6,MNC,Rented,67000.0,4,3,8000.0,0.0,4300.0,5600.0,5100.0,Yes,7500.0,7650.0,671000.0,218000.0,Education EMI,156000.0,8,Not_Eligible,500.0,0.025951557093425604,0.31141868512110726,15.344551282051283,2.9799999999999995,1.3813148788927336,98.03921568627452,0.75,Unknown,Premium,2,0,1,True,False,False,False,0,True,False,False,0,False,True,False,False,False,0,False,False,True,0,False,True,False,False,False,0,False,False,False,True,False,False,False,True,0
380,Male,Married,Post Graduate,1486000,Private,16.0,MNC,Rented,283000.0,4,3,2400.0,17400.0,11000.0,22500.0,25300.0,No,0.0,7170.0,11380000.0,5790000.0,Vehicle EMI,1055000.0,80,Eligible,22935.0,0.0,0.2433378196500673,1.3322274881516587,4.8,5.401076716016151,0.0,0.75,Unknown,Premium,5,0,0,False,False,True,False,0,False,True,False,0,False,True,False,False,False,0,False,False,True,0,False,False,False,False,True,0,False,False,False,True,False,False,False,True,0
380,Male,Single,Graduate,376000,Private,2.5,MNC,Rented,109000.0,1,0,0.0,0.0,3900.0,10700.0,2900.0,Yes,6500.0,5460.0,2381000.0,526000.0,Vehicle EMI,1023000.0,34,Not_Eligible,519.75,0.017287234042553192,0.33643617021276595,0.6986372261514576,0.75,3.372340425531915,119.04761904761905,0.0,Unknown,Premium,5,1,1,True,False,False,False,0,False,True,False,0,False,True,False,False,False,0,False,False,True,0,False,False,False,False,True,0,False,False,False,True,False,False,False,True,0
380,Female,Single,Professional,537000,Government,1.6,Large Indian,Rented,183000.0,3,2,0.0,0.0,7100.0,11200.0,6300.0,No,0.0,7020.0,1709000.0,385000.0,E-commerce Shopping EMI,24000.0,14,Eligible,5400.0,0.0,0.3865921787709497,98.03571428571428,1.18,1.7031657355679704,0.0,0.6666666666666666,Unknown,Premium,2,1,0,False,False,False,True,0,True,False,False,0,True,False,False,False,False,0,False,False,True,0,True,False,False,False,False,0,False,False,False,True,False,False,False,True,0
480,Male,Married,Professional,895000,Self-employed,17.1,Large Indian,Rented,169000.0,2,1,0.0,0.0,9700.0,26000.0,11600.0,No,0.0,7180.0,6418000.0,3145000.0,Education EMI,110000.0,45,Eligible,12523.5,0.0,0.24167597765363127,13.71111111111111,5.13,4.976759776536314,0.0,0.5,Unknown,Premium,5,0,0,False,False,False,True,0,False,False,True,0,True,False,False,False,False,0,False,False,True,0,False,True,False,False,False,0,False,False,False,True,False,False,False,True,0
380,Male,Married,High School,285000,Government,6.6,MNC,Own,0.0,5,4,14400.0,0.0,2800.0,8400.0,3700.0,No,0.0,6810.0,688000.0,328000.0,Education EMI,149000.0,18,Not_Eligible,500.0,0.0,0.10280701754385965,9.53392990305742,2.6799999999999997,1.656140350877193,0.0,0.8,Unknown,Premium,5,0,0,False,True,False,False,0,True,False,False,0,False,True,False,False,False,0,False,True,False,0,False,True,False,False,False,0,False,False,False,True,False,False,False,True,0
480,Male,Married,Graduate,491000,Private,0.5,Mid-size,Family,0.0,3,2,0.0,0.0,5800.0,13600.0,4400.0,Yes,9300.0,6910.0,2360000.0,914000.0,Vehicle EMI,483000.0,59,Not_Eligible,4480.0,0.018940936863543787,0.048472505091649694,1.606835807277959,0.15,3.039511201629328,134.58755426917511,0.6666666666666666,Unknown,Premium,5,0,1,True,False,False,False,0,False,True,False,0,False,False,True,False,False,0,True,False,False,0,False,False,False,False,True,0,False,False,False,True,False,False,False,True,0
480,Female,Married,Graduate,604000,Private,12.6,Small,Rented,180000.0,4,3,0.0,14900.0,3800.0,13200.0,10600.0,No,0.0,6940.0,4729000.0,2534000.0,E-commerce Shopping EMI,10000.0,9,Not_Eligible,500.0,0.0,0.36837748344370863,423.8888888888889,3.78,5.6490066225165565,0.0,0.75,Unknown,Premium,2,0,0,True,False,False,False,0,False,True,False,0,False,False,False,True,False,0,False,False,True,0,True,False,False,False,False,0,False,False,False,True,False,False,False,True,0
380,M,Married,Graduate,435000,Private,2.3,Large Indian,Rented,102000.0,4,3,3000.0,24000.0,4000.0,8800.0,5400.0,No,0.0,7290.0,2980000.0,1190000.0,E-commerce Shopping EMI,185000.0,14,Not_Eligible,500.0,0.0,0.33839080459770116,11.111969111969113,0.69,4.381609195402299,0.0,0.75,Unknown,Premium,3,0,0,True,False,False,False,0,False,True,False,0,True,False,False,False,False,0,False,False,True,0,True,False,False,False,False,0,False,False,False,True,False,False,False,True,0
320,Male,Married,Graduate,773000,Private,1.9,Small,Own,0.0,4,3,0.0,0.0,7500.0,19800.0,14200.0,No,0.0,7320.0,5023000.0,1981000.0,Vehicle EMI,934000.0,48,Not_Eligible,19690.0,0.0,0.0536869340232859,1.6316470378301213,0.57,4.13686934023286,0.0,0.75,Unknown,Premium,5,0,0,True,False,False,False,0,False,True,False,0,False,False,False,True,False,0,False,True,False,0,False,False,False,False,True,0,False,False,False,True,False,False,False,True,0
320,Male,Married,Professional,610000,Private,4.5,MNC,Own,0.0,3,2,12900.0,22000.0,4200.0,16500.0,9800.0,No,0.0,7050.0,4401000.0,1797000.0,E-commerce Shopping EMI,106000.0,22,Not_Eligible,500.0,0.0,0.10721311475409837,23.353344768439108,1.3499999999999999,4.65344262295082,0.0,0.6666666666666666,Unknown,Premium,5,0,0,False,False,False,True,0,False,True,False,0,False,True,False,False,False,0,False,True,False,0,True,False,False,False,False,0,False,False,False,True,False,False,False,True,0
380,Male,Married,Post Graduate,578000,Government,11.3,MNC,Rented,95000.0,3,2,2400.0,0.0,5500.0,11400.0,3100.0,No,0.0,8500.0,1691000.0,753000.0,E-commerce Shopping EMI,95000.0,7,High_Risk,17094.0,0.0,0.20311418685121108,69.26315789473684,4.09,1.9519031141868513,0.0,0.6666666666666666,Unknown,Premium,5,0,0,False,False,True,False,0,True,False,False,0,False,True,False,False,False,0,False,False,True,0,True,False,False,False,False,0,False,False,False,True,False,False,False,True,0
480,Female,Married,Graduate,310000,Private,1.0,Mid-size,Family,0.0,3,2,8300.0,0.0,1900.0,5300.0,4300.0,No,0.0,6970.0,840000.0,170000.0,Home Appliances EMI,232000.0,7,Not_Eligible,5600.0,0.0,0.06387096774193549,17.86945812807882,0.3,1.4129032258064513,0.0,0.6666666666666666,Unknown,Premium,2,0,0,True,False,False,False,0,False,True,False,0,False,False,True,False,False,0,True,False,False,0,False,False,True,False,False,0,False,False,False,True,False,False,False,True,0
320,Male,Single,Post Graduate,1581000,Government,10.0,MNC,Family,0.0,1,0,0.0,0.0,19400.0,36400.0,21700.0,No,0.0,7370.0,9460000.0,3042000.0,Education EMI,137000.0,42,Eligible,44330.0,0.0,0.049019607843137254,26.129648939867916,3.7,3.5478810879190386,0.0,0.0,Unknown,Premium,5,1,0,False,False,True,False,0,True,False,False,0,False,True,False,False,False,0,True,False,False,0,False,True,False,False,False,0,False,False,False,True,False,False,False,True,0
380,Male,Married,Graduate,240000,Self-employed,0.7,Large Indian,Own,0.0,4,3,0.0,0.0,3200.0,4900.0,3500.0,No,0.0,6700.0,1210000.0,635000.0,Education EMI,145000.0,13,Not_Eligible,5580.0,0.0,0.04833333333333333,12.116710875331565,0.21,3.604166666666667,0.0,0.75,Unknown,Premium,5,0,0,True,False,False,False,0,False,False,True,0,True,False,False,False,False,0,False,True,False,0,False,True,False,False,False,0,False,False,False,True,False,False,False,True,0
470,Male,Married,Graduate,932570,Self-employed,3.4,Mid-size,Rented,295000.0,2,1,10600.0,0.0,9300.0,22700.0,13000.0,No,0.0,7180.0,2913000.0,1294000.0,Vehicle EMI,316000.0,57,Not_Eligible,4275.0,0.0,0.37595033080626655,3.2310126582278484,1.02,2.0819884834382405,0.0,0.5,Unknown,Premium,5,0,0,True,False,False,False,0,False,False,True,0,False,False,True,False,False,0,False,False,True,0,False,False,False,False,True,0,False,False,False,True,False,False,False,True,0
380,Female,Married,Graduate,1032000,Private,3.7,Startup,Family,0.0,2,1,0.0,0.0,8400.0,16700.0,7400.0,No,0.0,6700.0,7262000.0,2488000.0,Personal Loan EMI,892000.0,39,Eligible,38885.0,0.0,0.031492248062015504,2.87311716683914,1.11,4.261240310077519,0.0,0.5,Unknown,Premium,2,0,0,True,False,False,False,0,False,True,False,0,False,False,False,False,True,0,True,False,False,0,False,False,False,True,False,0,False,False,False,True,False,False,False,True,0
320,Female,Married,High School,177000,Private,3.0,Mid-size,Own,162240.0,2,1,0.0,0.0,1300.0,3700.0,2100.0,Yes,3200.0,7000.0,366000.0,143000.0,Vehicle EMI,1284000.0,55,Not_Eligible,2590.0,0.01807909604519774,0.9567231638418079,0.006315491362220335,0.8999999999999999,1.311864406779661,45.714285714285715,0.5,Unknown,Premium,2,0,1,False,True,False,False,0,False,True,False,0,False,False,True,False,False,0,False,True,False,0,False,False,False,False,True,0,False,False,False,True,False,False,False,True,0
270,Female,Single,Graduate,991000,Self-employed,2.1,Large Indian,Family,0.0,1,0,0.0,0.0,8200.0,24200.0,5600.0,No,0.0,7270.0,3785000.0,1271000.0,Personal Loan EMI,955000.0,55,High_Risk,27495.0,0.0,0.03834510595358224,1.814374107567825,0.63,2.2972754793138246,0.0,0.0,Unknown,Premium,2,1,0,True,False,False,False,0,False,False,True,0,True,False,False,False,False,0,True,False,False,0,False,False,False,True,False,0,False,False,False,True,False,False,False,True,0
380,Male,Married,Graduate,663000,Private,7.5,MNC,Family,0.0,4,3,0.0,0.0,6900.0,15300.0,4000.0,No,0.0,6280.0,4896000.0,1049000.0,Home Appliances EMI,165000.0,15,Eligible,17644.0,0.0,0.03951734539969834,25.729292929292928,2.25,3.90316742081448,0.0,0.75,Unknown,Premium,5,0,0,True,False,False,False,0,False,True,False,0,False,True,False,False,False,0,True,False,False,0,False,False,True,False,False,0,False,False,False,True,False,False,False,True,0
380,Female,Married,Professional,1185000,Government,2.7,Startup,Own,0.0,3,2,12300.0,12300.0,16000.0,23800.0,10700.0,Yes,29400.0,7310.0,5590000.0,2946000.0,Personal Loan EMI,540000.0,57,Not_Eligible,4900.0,0.02481012658227848,0.06337552742616034,3.5103963612735543,1.51,3.3785654008438817,402.1887824897401,0.6666666666666666,Unknown,Premium,2,0,1,False,False,False,True,0,True,False,False,0,False,False,False,False,True,0,False,True,False,0,False,False,False,True,False,0,False,False,False,True,False,False,False,True,0
320,Female,Married,Professional,601000,Private,1.0,MNC,Own,0.0,3,2,13800.0,17300.0,4600.0,14100.0,7600.0,Yes,11600.0,7300.0,3212000.0,1096000.0,Home Appliances EMI,180000.0,8,Not_Eligible,500.0,0.01930116472545757,0.09550748752079867,36.94444444444444,0.3,3.2319467554076535,158.9041095890411,0.6666666666666666,Unknown,Premium,2,0,1,False,False,False,True,0,False,True,False,0,False,True,False,False,False,0,False,True,False,0,False,False,True,False,False,0,False,False,False,True,False,False,False,True,0
380,Male,Single,Graduate,401000,Private,1.3,Startup,Own,0.0,2,1,0.0,0.0,2800.0,6300.0,6600.0,No,0.0,7450.0,1601000.0,421000.0,Vehicle EMI,845000.0,44,Not_Eligible,12200.0,0.0,0.03915211970074813,1.0363098440021516,0.39,2.2269326683291775,0.0,0.5,Unknown,Premium,5,1,0,True,False,False,False,0,False,True,False,0,False,False,False,False,True,0,False,True,False,0,False,False,False,False,True,0,False,False,False,True,False,False,False,True,0
320,Female,Married,High School,922000,Government,0.6,MNC,Rented,278000.0,4,3,0.0,0.0,12500.0,18000.0,12400.0,Yes,20700.0,7980.0,3578000.0,1536000.0,Personal Loan EMI,104000.0,20,Not_Eligible,500.0,0.02245119305856833,0.3480477223427332,27.90384615384615,0.8799999999999999,2.5518438177874185,259.3984962406015,0.75,Unknown,Premium,2,0,1,False,True,False,False,0,True,False,False,0,False,True,False,False,False,0,False,False,True,0,False,False,False,True,False,0,False,False,False,True,False,False,False,True,0
580,Female,Married,Graduate,4001720,Private,8.6,Large Indian,Rented,57000.0,4,3,9900.0,0.0,3600.0,5400.0,4100.0,Yes,5700.0,7100.0,329000.0,97000.0,Personal Loan EMI,876000.0,37,Not_Eligible,500.0,0.0014243875133692512,0.019991403696410545,12.082006664198445,2.5799999999999996,0.04742960526973401,80.28169014084507,0.75,Unknown,Premium,2,0,1,True,False,False,False,0,False,True,False,0,True,False,False,False,False,0,False,False,True,0,False,False,False,True,False,0,False,False,False,True,False,False,False,True,0
270,Male,Single,Graduate,432000,Private,0.5,Large Indian,Rented,115000.0,2,1,0.0,0.0,6500.0,10400.0,3900.0,Yes,6300.0,6680.0,240000.0,86000.0,Home Appliances EMI,59000.0,7,Not_Eligible,1030.4,0.014583333333333334,0.3143518518518518,70.19370460048427,0.15,0.3416666666666667,94.311377245509,0.5,Unknown,Premium,5,1,1,True,False,False,False,0,False,True,False,0,True,False,False,False,False,0,False,False,True,0,False,False,True,False,False,0,False,False,False,True,False,False,False,True,0
380,Female,Married,Graduate,457000,Private,0.9,Large Indian,Family,0.0,5,4,9300.0,8300.0,6600.0,12900.0,8700.0,Yes,7800.0,6530.0,1089000.0,430000.0,Vehicle EMI,1067000.0,22,Not_Eligible,500.0,0.017067833698030634,0.10021881838074398,1.7184970605776604,0.27,1.5177242888402627,119.44869831546708,0.8,Unknown,Premium,2,0,1,True,False,False,False,0,False,True,False,0,True,False,False,False,False,0,True,False,False,0,False,False,False,False,True,0,False,False,False,True,False,False,False,True,0
270,Female,Married,High School,604000,Private,0.5,Startup,Rented,139000.0,3,2,12300.0,0.0,3500.0,15100.0,9700.0,Yes,12300.0,7350.0,3557000.0,926000.0,Home Appliances EMI,115000.0,10,Not_Eligible,500.0,0.020364238410596026,0.29735099337748344,35.834782608695654,0.15,3.2754966887417214,167.3469387755102,0.6666666666666666,Unknown,Premium,2,0,1,False,True,False,False,0,False,True,False,0,False,False,False,False,True,0,False,False,True,0,False,False,True,False,False,0,False,False,False,True,False,False,False,True,0
380,Male,Married,Post Graduate,549000,Private,5.9,Startup,Own,0.0,3,2,0.0,0.0,7000.0,11800.0,6300.0,No,0.0,6300.0,677000.0,234000.0,Vehicle EMI,1104000.0,42,Not_Eligible,9536.0,0.0,0.045719489981785065,1.1298740510697034,1.77,0.7489981785063753,0.0,0.6666666666666666,Unknown,Premium,5,0,0,False,False,True,False,0,False,True,False,0,False,False,False,False,True,0,False,True,False,0,False,False,False,False,True,0,False,False,False,True,False,False,False,True,0
380,Male,Married,Post Graduate,3192420,Private,0.5,MNC,Rented,96000.0,2,1,12500.0,0.0,2800.0,7500.0,6000.0,No,0.0,7040.0,2243000.0,1063000.0,E-commerce Shopping EMI,23000.0,20,Not_Eligible,500.0,0.0,0.03909260059766572,666.8739130434783,0.15,0.4808264576716096,0.0,0.5,Unknown,Premium,5,0,0,False,False,True,False,0,False,True,False,0,False,True,False,False,False,0,False,False,True,0,True,False,False,False,False,0,False,False,False,True,False,False,False,True,0
580,Male,Married,Professional,1034000,Government,8.4,Large Indian,Family,0.0,4,3,5900.0,17600.0,13700.0,23400.0,12600.0,Yes,14300.0,6860.0,7465000.0,3117000.0,Home Appliances EMI,45000.0,35,Eligible,6733.65,0.013829787234042552,0.07079303675048355,60.09523809523809,3.2199999999999998,4.696518375241779,208.45481049562684,0.75,Unknown,Premium,5,0,1,False,False,False,True,0,True,False,False,0,True,False,False,False,False,0,True,False,False,0,False,False,True,False,False,0,False,False,False,True,False,False,False,True,0
380,Male,Married,Graduate,644000,Private,12.4,MNC,Rented,113000.0,3,2,0.0,0.0,5300.0,19100.0,8800.0,No,0.0,7160.0,552000.0,284000.0,Personal Loan EMI,334000.0,25,Not_Eligible,7960.0,0.0,0.22701863354037266,5.961676646706587,3.7199999999999998,0.6074534161490683,0.0,0.6666666666666666,Unknown,Premium,5,0,0,True,False,False,False,0,False,True,False,0,False,True,False,False,False,0,False,False,True,0,False,False,False,True,False,0,False,False,False,True,False,False,False,True,0
380,Female,Married,Post Graduate,348000,Private,2.8,Startup,Own,0.0,3,2,3900.0,0.0,2600.0,5900.0,5400.0,Yes,6700.0,6780.0,516000.0,218000.0,Personal Loan EMI,716000.0,15,Not_Eligible,2884.0,0.019252873563218392,0.051149425287356325,3.0121042830540037,0.84,0.9689655172413794,98.82005899705015,0.6666666666666666,Unknown,Premium,2,0,1,False,False,True,False,0,False,True,False,0,False,False,False,False,True,0,False,True,False,0,False,False,False,True,False,0,False,False,False,True,False,False,False,True,0
270,Female,Single,Professional,497000,Private,0.5,Startup,Rented,165000.0,2,1,0.0,17900.0,2800.0,12900.0,5000.0,Yes,14600.0,5780.0,2851000.0,1422000.0,Education EMI,70000.0,6,Not_Eligible,500.0,0.02937625754527163,0.4096579476861167,66.38095238095238,0.15,4.011267605633803,252.59515570934258,0.5,Unknown,Premium,2,1,1,False,False,False,True,0,False,True,False,0,False,False,False,False,True,0,False,False,True,0,False,True,False,False,False,0,False,False,False,True,False,False,False,True,0
480,Male,Married,Post Graduate,466000,Private,0.5,Mid-size,Own,0.0,5,4,12900.0,21900.0,3000.0,9300.0,7000.0,No,0.0,7620.0,688000.0,179000.0,E-commerce Shopping EMI,200000.0,24,Not_Eligible,500.0,0.0,0.11609442060085837,8.58125,0.15,0.8210300429184549,0.0,0.8,Unknown,Premium,5,0,0,False,False,True,False,0,False,True,False,0,False,False,True,False,False,0,False,True,False,0,True,False,False,False,False,0,False,False,False,True,False,False,False,True,0
380,MALE,Married,Graduate,609000,Self-employed,15.9,Large Indian,Rented,137000.0,3,2,8500.0,0.0,4600.0,15600.0,5700.0,Yes,9000.0,6930.0,1933000.0,1120000.0,E-commerce Shopping EMI,160000.0,18,Not_Eligible,1197.0,0.014778325123152709,0.28144499178981935,14.881944444444445,4.77,2.373070607553366,129.8701298701299,0.6666666666666666,Unknown,Premium,4,0,1,True,False,False,False,0,False,False,True,0,True,False,False,False,False,0,False,False,True,0,True,False,False,False,False,0,False,False,False,True,False,False,False,True,0
320,Male,Married,Graduate,704000,Private,1.0,Startup,Family,0.0,3,2,0.0,18900.0,9100.0,18400.0,10200.0,No,0.0,7560.0,3579000.0,1731000.0,Education EMI,176000.0,10,Not_Eligible,8280.0,0.0,0.08039772727272727,36.784090909090914,0.3,3.508806818181818,0.0,0.6666666666666666,Unknown,Premium,5,0,0,True,False,False,False,0,False,True,False,0,False,False,False,False,True,0,True,False,False,0,False,True,False,False,False,0,False,False,False,True,False,False,False,True,0
380,Male,Married,Graduate,613000,Private,2.2,Large Indian,Rented,130000.0,3,2,0.0,0.0,4700.0,16200.0,11300.0,No,0.0,7030.0,1666000.0,953000.0,Vehicle EMI,417000.0,63,Not_Eligible,8050.0,0.0,0.26460032626427404,1.7159605648814282,0.66,2.0199021207177816,0.0,0.6666666666666666,Unknown,Premium,5,0,0,True,False,False,False,0,False,True,False,0,True,False,False,False,False,0,False,False,True,0,False,False,False,False,True,0,False,False,False,True,False,False,False,True,0
480,Male,Married,Professional,1075000,Government,7.5,Large Indian,Family,0.0,3,2,0.0,0.0,14000.0,24000.0,20400.0,No,0.0,7990.0,1734000.0,773000.0,Home Appliances EMI,129000.0,35,Eligible,25924.8,0.0,0.054325581395348835,22.516057585825028,2.95,1.0766511627906976,0.0,0.6666666666666666,Unknown,Premium,5,0,0,False,False,False,True,0,True,False,False,0,True,False,False,False,False,0,True,False,False,0,False,False,True,False,False,0,False,False,False,True,False,False,False,True,0
320,Male,Married,Graduate,353000,Private,0.5,Large Indian,Own,0.0,5,4,0.0,0.0,4300.0,9500.0,3200.0,Yes,3600.0,5430.0,1860000.0,724000.0,Home Appliances EMI,226000.0,10,Not_Eligible,2058.0,0.010198300283286119,0.04815864022662889,14.707964601769913,0.15,3.338243626062323,66.29834254143647,0.8,Unknown,Premium,5,0,1,True,False,False,False,0,False,True,False,0,True,False,False,False,False,0,False,True,False,0,False,False,True,False,False,0,False,False,False,True,False,False,False,True,0
320,Male,Married,Post Graduate,988000,Government,1.0,Mid-size,Family,0.0,2,1,0.0,5400.0,5300.0,17400.0,14500.0,No,0.0,6900.0,6713000.0,3893000.0,Vehicle EMI,305000.0,35,Eligible,30910.0,0.0,0.04311740890688259,8.856206088992973,1.0,5.081983805668017,0.0,0.5,Unknown,Premium,5,0,0,False,False,True,False,0,True,False,False,0,False,False,True,False,False,0,True,False,False,0,False,False,False,False,True,0,False,False,False,True,False,False,False,True,0
480,Male,Single,Post Graduate,472000,Self-employed,10.2,MNC,Family,0.0,2,1,0.0,0.0,2600.0,9800.0,6500.0,No,0.0,6940.0,3346000.0,1388000.0,Education EMI,423000.0,18,Not_Eligible,14008.5,0.0,0.04004237288135593,5.950879957972156,3.0599999999999996,4.6000000000000005,0.0,0.5,Unknown,Premium,5,1,0,False,False,True,False,0,False,False,True,0,False,True,False,False,False,0,True,False,False,0,False,True,False,False,False,0,False,False,False,True,False,False,False,True,0
480,Male,Married,Post Graduate,267000,Private,1.6,Large Indian,Own,0.0,4,3,12700.0,0.0,2500.0,7100.0,3800.0,Yes,4700.0,6390.0,746000.0,327000.0,E-commerce Shopping EMI,73000.0,11,Not_Eligible,500.0,0.017602996254681647,0.09775280898876404,29.414694894146947,0.48,1.8524344569288393,73.55242566510172,0.75,Unknown,Premium,5,0,1,False,False,True,False,0,False,True,False,0,True,False,False,False,False,0,False,True,False,0,True,False,False,False,False,0,False,False,False,True,False,False,False,True,0
580,Male,Married,Graduate,436000,Private,1.2,Large Indian,Own,0.0,3,2,0.0,0.0,6000.0,7500.0,3100.0,No,0.0,6690.0,2075000.0,1194000.0,E-commerce Shopping EMI,38000.0,14,Eligible,13500.0,0.0,0.038073394495412846,78.83458646616542,0.36,3.546788990825688,0.0,0.6666666666666666,Unknown,Premium,5,0,0,True,False,False,False,0,False,True,False,0,True,False,False,False,False,0,False,True,False,0,True,False,False,False,False,0,False,False,False,True,False,False,False,True,0
320,Male,Married,Post Graduate,491000,Private,1.6,MNC,Rented,127000.0,4,3,6800.0,0.0,5200.0,8300.0,8500.0,Yes,14100.0,6080.0,537000.0,278000.0,Vehicle EMI,426000.0,19,Not_Eligible,500.0,0.028716904276985745,0.31731160896130345,3.9671361502347415,0.48,0.7771894093686355,231.9078947368421,0.75,Unknown,Premium,5,0,1,False,False,True,False,0,False,True,False,0,False,True,False,False,False,0,False,False,True,0,False,False,False,False,True,0,False,False,False,True,False,False,False,True,0
380,Female,Single,Professional,816000,Private,1.5,Large Indian,Own,0.0,1,0,0.0,0.0,5900.0,12900.0,11300.0,Yes,21300.0,7280.0,5535000.0,2997000.0,Personal Loan EMI,771000.0,41,Not_Eligible,11627.0,0.02610294117647059,0.036887254901960785,2.418778273385847,0.44999999999999996,4.916911764705882,292.5824175824176,0.0,Unknown,Premium,2,1,1,False,False,False,True,0,False,True,False,0,True,False,False,False,False,0,False,True,False,0,False,False,False,True,False,0,False,False,False,True,False,False,False,True,0
270,Female,Single,High School,373000,Government,5.0,Small,Rented,96000.0,2,1,0.0,0.0,3200.0,9900.0,3500.0,Yes,5900.0,6760.0,1747000.0,992000.0,Home Appliances EMI,135000.0,19,Not_Eligible,2002.0,0.01581769436997319,0.3018766756032172,9.922027290448343,2.2,3.4691689008042896,87.27810650887575,0.5,Unknown,Premium,2,1,1,False,True,False,False,0,True,False,False,0,False,False,False,True,False,0,False,False,True,0,False,False,True,False,False,0,False,False,False,True,False,False,False,True,0
380,Female,Married,Post Graduate,493000,Government,14.0,MNC,Family,0.0,3,2,7900.0,0.0,2800.0,14000.0,3500.0,Yes,6900.0,7770.0,761000.0,408000.0,Home Appliances EMI,124000.0,36,Eligible,5248.32,0.013995943204868154,0.05720081135902637,10.257616487455197,4.9,1.113995943204868,88.8030888030888,0.6666666666666666,Unknown,Premium,2,0,1,False,False,True,False,0,True,False,False,0,False,True,False,False,False,0,True,False,False,0,False,False,True,False,False,0,False,False,False,True,False,False,False,True,0
270,Male,Married,Graduate,566000,Self-employed,3.4,Startup,Rented,128000.0,2,1,11000.0,10300.0,8100.0,12900.0,4600.0,No,0.0,7160.0,489000.0,175000.0,Education EMI,74000.0,31,Not_Eligible,500.0,0.0,0.30901060070671377,17.048823016564953,1.02,0.5310954063604241,0.0,0.5,Unknown,Premium,5,0,0,True,False,False,False,0,False,False,True,0,False,False,False,False,True,0,False,False,True,0,False,True,False,False,False,0,False,False,False,True,False,False,False,True,0
270,Male,Single,Post Graduate,331000,Private,1.1,Mid-size,Family,0.0,1,0,0.0,0.0,3100.0,8700.0,6200.0,Yes,8900.0,6910.0,1776000.0,373000.0,Home Appliances EMI,84000.0,28,Not_Eligible,2170.0,0.02688821752265861,0.054380664652567974,12.929421768707483,0.33,2.8223564954682776,128.7988422575977,0.0,Unknown,Premium,5,1,1,False,False,True,False,0,False,True,False,0,False,False,True,False,False,0,True,False,False,0,False,False,True,False,False,0,False,False,False,True,False,False,False,True,0
380,Female,Married,Graduate,389000,Private,3.7,Large Indian,Family,0.0,4,3,0.0,0.0,5800.0,8300.0,4000.0,No,0.0,6360.0,540000.0,175000.0,Education EMI,143000.0,34,Eligible,6656.0,0.0,0.04652956298200514,7.62854792266557,1.11,0.8251928020565553,0.0,0.75,Unknown,Premium,2,0,0,True,False,False,False,0,False,True,False,0,True,False,False,False,False,0,True,False,False,0,False,True,False,False,False,0,False,False,False,True,False,False,False,True,0
320,Male,Single,Post Graduate,388000,Private,7.0,MNC,Rented,135000.0,2,1,0.0,0.0,2500.0,7400.0,5600.0,Yes,5100.0,8400.0,2793000.0,1191000.0,Home Appliances EMI,140000.0,16,Not_Eligible,2171.4,0.013144329896907217,0.38788659793814434,10.375,2.1,4.721134020618557,60.714285714285715,0.5,Unknown,Premium,5,1,1,False,False,True,False,0,False,True,False,0,False,True,False,False,False,0,False,False,True,0,False,False,True,False,False,0,False,False,False,True,False,False,False,True,0
480,Male,Married,Graduate,686000,Private,6.5,Small,Own,0.0,4,3,7700.0,0.0,8200.0,12600.0,5100.0,No,0.0,7120.0,376000.0,87000.0,E-commerce Shopping EMI,80000.0,11,Eligible,14000.0,0.0,0.04897959183673469,74.13636363636364,1.95,0.29533527696793005,0.0,0.75,Unknown,Premium,5,0,0,True,False,False,False,0,False,True,False,0,False,False,False,True,False,0,False,True,False,0,True,False,False,False,False,0,False,False,False,True,False,False,False,True,0
480,Male,Single,High School,436000,Private,7.4,Startup,Own,0.0,2,1,14100.0,0.0,4800.0,10700.0,8200.0,Yes,11200.0,6160.0,511000.0,111000.0,Personal Loan EMI,410000.0,20,Not_Eligible,500.0,0.025688073394495414,0.08669724770642202,4.719512195121951,2.22,0.6215596330275229,181.8181818181818,0.5,Unknown,Premium,5,1,1,False,True,False,False,0,False,True,False,0,False,False,False,False,True,0,False,True,False,0,False,False,False,True,False,0,False,False,False,True,False,False,False,True,0
380,Male,Married,Post Graduate,1181000,Private,5.9,MNC,Rented,249000.0,3,2,14300.0,9500.0,15500.0,27500.0,15200.0,No,0.0,8490.0,4464000.0,1735000.0,Education EMI,163000.0,11,Not_Eligible,6720.0,0.0,0.2802709568162574,47.40658114891244,1.77,2.3933954276037257,0.0,0.6666666666666666,Unknown,Premium,5,0,0,False,False,True,False,0,False,True,False,0,False,True,False,False,False,0,False,False,True,0,False,True,False,False,False,0,False,False,False,True,False,False,False,True,0
380,Female,Married,High School,408000,Private,7.2,Large Indian,Family,0.0,4,3,5500.0,0.0,3200.0,7900.0,3400.0,Yes,5200.0,6880.0,2068000.0,993000.0,Education EMI,406000.0,12,Not_Eligible,5460.0,0.012745098039215686,0.049019607843137254,7.857142857142857,2.16,3.4877450980392153,75.58139534883722,0.75,Unknown,Premium,2,0,1,False,True,False,False,0,False,True,False,0,True,False,False,False,False,0,True,False,False,0,False,True,False,False,False,0,False,False,False,True,False,False,False,True,0
480,Male,Married,Graduate,932000,Private,20.7,Mid-size,Family,0.0,4,3,0.0,0.0,5600.0,27600.0,8000.0,No,0.0,7220.0,1487000.0,835000.0,Vehicle EMI,121000.0,34,Eligible,20800.0,0.0,0.04420600858369099,21.65289256198347,6.21,1.1757510729613734,0.0,0.75,Unknown,Premium,5,0,0,True,False,False,False,0,False,True,False,0,False,False,True,False,False,0,True,False,False,0,False,False,False,False,True,0,False,False,False,True,False,False,False,True,0
580,Male,Married,Graduate,320000,Self-employed,17.6,Mid-size,Family,0.0,3,2,0.0,0.0,2700.0,7800.0,4800.0,No,0.0,7250.0,540000.0,280000.0,Personal Loan EMI,519000.0,49,Not_Eligible,6012.0,0.0,0.0478125,1.1981439974833865,5.28,1.2000000000000002,0.0,0.6666666666666666,Unknown,Premium,5,0,0,True,False,False,False,0,False,False,True,0,False,False,True,False,False,0,True,False,False,0,False,False,False,True,False,0,False,False,False,True,False,False,False,True,0
380,Male,Married,Professional,691000,Private,3.0,MNC,Own,0.0,5,4,0.0,0.0,9600.0,14400.0,4800.0,Yes,10900.0,6170.0,5496000.0,2958000.0,Education EMI,310000.0,43,Not_Eligible,9055.2,0.01577424023154848,0.04167872648335745,4.885971492873218,0.8999999999999999,5.749927641099855,176.6612641815235,0.8,Unknown,Premium,5,0,1,False,False,False,True,0,False,True,False,0,False,True,False,False,False,0,False,True,False,0,False,True,False,False,False,0,False,False,False,True,False,False,False,True,0
320,Male,Married,Graduate,408000,Private,5.9,Mid-size,Family,0.0,3,2,9900.0,0.0,5000.0,9100.0,4300.0,No,0.0,7390.0,3092000.0,625000.0,Education EMI,309000.0,42,Not_Eligible,6875.0,0.0,0.06936274509803922,2.9257204499922946,1.77,3.950490196078431,0.0,0.6666666666666666,Unknown,Premium,5,0,0,True,False,False,False,0,False,True,False,0,False,False,True,False,False,0,True,False,False,0,False,True,False,False,False,0,False,False,False,True,False,False,False,True,0
480,Female,Married,Post Graduate,1252000,Government,1.5,MNC,Rented,365000.0,3,2,11200.0,18000.0,8400.0,29100.0,11100.0,No,0.0,7700.0,9767000.0,2086000.0,Personal Loan EMI,350000.0,53,Not_Eligible,7194.0,0.0,0.3536741214057508,4.362264150943396,1.15,4.120127795527156,0.0,0.6666666666666666,Unknown,Premium,2,0,0,False,False,True,False,0,True,False,False,0,False,True,False,False,False,0,False,False,True,0,False,False,False,True,False,0,False,False,False,True,False,False,False,True,0
480,Male,Married,Graduate,236000,Government,6.5,Small,Own,0.0,3,2,0.0,0.0,3500.0,4800.0,4000.0,Yes,5600.0,7550.0,1331000.0,323000.0,Education EMI,84000.0,13,Not_Eligible,2633.4,0.023728813559322035,0.05211864406779661,19.972527472527474,2.65,3.0771186440677964,74.17218543046357,0.6666666666666666,Unknown,Premium,5,0,1,True,False,False,False,0,True,False,False,0,False,False,False,True,False,0,False,True,False,0,False,True,False,False,False,0,False,False,False,True,False,False,False,True,0
380,Male,Married,Graduate,233000,Private,0.5,MNC,Family,0.0,4,3,4700.0,0.0,3300.0,5700.0,4100.0,Yes,2900.0,6370.0,475000.0,219000.0,Vehicle EMI,467000.0,59,Not_Eligible,582.4,0.012446351931330472,0.07639484978540773,0.7705150074402062,0.15,1.3793991416309013,45.52590266875981,0.75,Unknown,Premium,5,0,1,True,False,False,False,0,False,True,False,0,False,True,False,False,False,0,True,False,False,0,False,False,False,False,True,0,False,False,False,True,False,False,False,True,0
320,Male,Married,Graduate,816000,Private,6.5,Startup,Rented,182000.0,2,1,14400.0,0.0,5800.0,23900.0,7400.0,No,0.0,7060.0,3188000.0,1411000.0,Home Appliances EMI,270000.0,7,Not_Eligible,5950.0,0.0,0.2861519607843137,30.82010582010582,1.95,2.600245098039216,0.0,0.5,Unknown,Premium,5,0,0,True,False,False,False,0,False,True,False,0,False,False,False,False,True,0,False,False,True,0,False,False,True,False,False,0,False,False,False,True,False,False,False,True,0
580,Male,Married,Post Graduate,1133000,Private,36.0,Large Indian,Rented,218000.0,3,2,11600.0,15500.0,13700.0,31700.0,16500.0,No,0.0,8460.0,3172000.0,1033000.0,Home Appliances EMI,208000.0,15,Not_Eligible,1500.0,0.0,0.2709620476610768,26.474358974358974,10.799999999999999,1.6669020300088262,0.0,0.6666666666666666,Unknown,Premium,5,0,0,False,False,True,False,0,False,True,False,0,True,False,False,False,False,0,False,False,True,0,False,False,True,False,False,0,False,False,False,True,False,False,False,True,0
480,Male,Married,Graduate,442000,Private,16.6,Large Indian,Rented,104000.0,2,1,13800.0,0.0,5300.0,8600.0,5400.0,No,0.0,8180.0,1157000.0,396000.0,Home Appliances EMI,35000.0,29,Not_Eligible,500.0,0.0,0.31018099547511313,30.039408866995075,4.98,1.5846153846153848,0.0,0.5,Unknown,Premium,5,0,0,True,False,False,False,0,False,True,False,0,True,False,False,False,False,0,False,False,True,0,False,False,True,False,False,0,False,False,False,True,False,False,False,True,0
270,Male,Single,Professional,1667000,Self-employed,2.6,Startup,Family,0.0,3,2,0.0,0.0,16600.0,29000.0,29100.0,No,0.0,6540.0,8096000.0,4145000.0,E-commerce Shopping EMI,184000.0,11,Eligible,41400.0,0.0,0.04481103779244151,78.67094861660078,0.78,3.4345530893821232,0.0,0.6666666666666666,Unknown,Premium,5,1,0,False,False,False,True,0,False,False,True,0,False,False,False,False,True,0,True,False,False,0,True,False,False,False,False,0,False,False,False,True,False,False,False,True,0
580,Male,Married,Graduate,405000,Government,10.9,Large Indian,Own,0.0,4,3,6500.0,24000.0,2100.0,9200.0,5100.0,No,0.0,6970.0,1785000.0,422000.0,Home Appliances EMI,142000.0,8,Not_Eligible,500.0,0.0,0.11580246913580247,31.52288732394366,3.9699999999999998,2.388148148148148,0.0,0.75,Unknown,Premium,5,0,0,True,False,False,False,0,True,False,False,0,True,False,False,False,False,0,False,True,False,0,False,False,True,False,False,0,False,False,False,True,False,False,False,True,0
320,Male,Single,Post Graduate,779000,Private,7.6,Large Indian,Own,0.0,2,1,6200.0,0.0,9000.0,12100.0,7600.0,No,0.0,6980.0,1602000.0,923000.0,Home Appliances EMI,171000.0,36,Eligible,21500.0,0.0,0.044801026957638,12.087394411955815,2.28,1.5335044929396662,0.0,0.5,Unknown,Premium,5,1,0,False,False,True,False,0,False,True,False,0,True,False,False,False,False,0,False,True,False,0,False,False,True,False,False,0,False,False,False,True,False,False,False,True,0
380,Male,Married,Professional,746000,Government,1.6,Mid-size,Own,0.0,4,3,6800.0,10200.0,9900.0,15700.0,10800.0,Yes,17800.0,6310.0,1714000.0,971000.0,Home Appliances EMI,212000.0,10,Not_Eligible,952.0,0.02386058981233244,0.07158176943699732,31.830188679245282,1.18,1.7000000000000002,282.0919175911252,0.75,Unknown,Premium,5,0,1,False,False,False,True,0,True,False,False,0,False,False,True,False,False,0,False,True,False,0,False,False,True,False,False,0,False,False,False,True,False,False,False,True,0
480,Female,Married,High School,144000,Private,20.6,Mid-size,Own,0.0,4,3,10300.0,0.0,1000.0,2800.0,800.0,No,0.0,7030.0,1144000.0,607000.0,E-commerce Shopping EMI,81000.0,13,Not_Eligible,500.0,0.0,0.10347222222222222,12.260208926875594,6.180000000000001,5.706944444444444,0.0,0.75,Unknown,Premium,2,0,0,False,True,False,False,0,False,True,False,0,False,False,True,False,False,0,False,True,False,0,True,False,False,False,False,0,False,False,False,True,False,False,False,True,0
580,Female,Married,Post Graduate,579000,Government,29.7,MNC,Own,0.0,2,1,9800.0,8600.0,3500.0,14800.0,9600.0,No,0.0,7530.0,3822000.0,1274000.0,Education EMI,339000.0,21,Not_Eligible,8421.6,0.0,0.07996545768566495,7.482792527040314,9.61,3.9606217616580315,0.0,0.5,Unknown,Premium,2,0,0,False,False,True,False,0,True,False,False,0,False,True,False,False,False,0,False,True,False,0,False,True,False,False,False,0,False,False,False,True,False,False,False,True,0
380,Male,Married,Professional,1030000,Private,8.5,Large Indian,Rented,185000.0,4,3,0.0,0.0,5800.0,24000.0,9600.0,No,0.0,6900.0,2458000.0,819000.0,Vehicle EMI,709000.0,28,Not_Eligible,22550.0,0.0,0.2178640776699029,4.058029417690913,2.55,1.4316504854368934,0.0,0.75,Unknown,Premium,5,0,0,False,False,False,True,0,False,True,False,0,True,False,False,False,False,0,False,False,True,0,False,False,False,False,True,0,False,False,False,True,False,False,False,True,0
320,Female,Single,Graduate,523000,Government,0.9,MNC,Rented,179000.0,2,1,5700.0,0.0,6400.0,12500.0,3100.0,Yes,11200.0,6310.0,3795000.0,1654000.0,Home Appliances EMI,214000.0,8,Not_Eligible,500.0,0.02141491395793499,0.39521988527724666,17.82126168224299,0.97,4.800000000000001,177.49603803486528,0.5,Unknown,Premium,2,1,1,True,False,False,False,0,True,False,False,0,False,True,False,False,False,0,False,False,True,0,False,False,True,False,False,0,False,False,False,True,False,False,False,True,0
270,Male,Single,Graduate,435000,Private,0.5,Large Indian,Rented,119000.0,1,0,0.0,0.0,3800.0,8700.0,3900.0,No,0.0,7900.0,2264000.0,557000.0,Home Appliances EMI,142000.0,24,High_Risk,7296.0,0.0,0.31126436781609196,8.791079812206574,0.15,2.850114942528736,0.0,0.0,Unknown,Premium,5,1,0,True,False,False,False,0,False,True,False,0,True,False,False,False,False,0,False,False,True,0,False,False,True,False,False,0,False,False,False,True,False,False,False,True,0
480,Female,Married,Professional,630000,Private,0.9,Startup,Rented,192000.0,4,3,0.0,5300.0,9000.0,18700.0,9300.0,No,0.0,6540.0,2709000.0,733000.0,Education EMI,478000.0,44,Not_Eligible,600.0,0.0,0.3719047619047619,1.8814187904146062,0.27,2.418095238095238,0.0,0.75,Unknown,Premium,2,0,0,False,False,False,True,0,False,True,False,0,False,False,False,False,True,0,False,False,True,0,False,True,False,False,False,0,False,False,False,True,False,False,False,True,0
320,Male,Single,Graduate,436000,Government,0.5,MNC,Family,0.0,1,0,0.0,0.0,4200.0,10600.0,7700.0,Yes,9900.0,6230.0,1188000.0,419000.0,Home Appliances EMI,98000.0,26,Not_Eligible,3136.0,0.022706422018348625,0.051605504587155966,15.839874411302981,0.85,1.6665137614678898,158.908507223114,0.0,Unknown,Premium,5,1,1,True,False,False,False,0,True,False,False,0,False,True,False,False,False,0,True,False,False,0,False,False,True,False,False,0,False,False,False,True,False,False,False,True,0
380,Female,Married,Graduate,461000,Private,3.4,MNC,Own,0.0,5,4,6500.0,0.0,6300.0,12800.0,7800.0,No,0.0,7300.0,3082000.0,888000.0,Vehicle EMI,126000.0,58,Eligible,6985.0,0.0,0.07245119305856833,5.85112205801861,1.02,3.829934924078091,0.0,0.8,Unknown,Premium,2,0,0,True,False,False,False,0,False,True,False,0,False,True,False,False,False,0,False,True,False,0,False,False,False,False,True,0,False,False,False,True,False,False,False,True,0
320,Female,Single,Post Graduate,397000,Private,1.5,Mid-size,Own,0.0,1,0,0.0,0.0,3700.0,7100.0,7600.0,No,0.0,6370.0,2824000.0,1391000.0,Home Appliances EMI,182000.0,33,Eligible,9372.0,0.0,0.04634760705289673,6.303696303696303,0.44999999999999996,4.947607052896725,0.0,0.0,Unknown,Premium,2,1,0,False,False,True,False,0,False,True,False,0,False,False,True,False,False,0,False,True,False,0,False,False,True,False,False,0,False,False,False,True,False,False,False,True,0
580,Female,Married,High School,183000,Private,10.8,MNC,Rented,55000.0,4,3,5200.0,0.0,2600.0,4200.0,2300.0,No,0.0,7130.0,880000.0,466000.0,Home Appliances EMI,96000.0,32,Not_Eligible,500.0,0.0,0.37868852459016394,3.701171875,3.24,3.4513661202185792,0.0,0.75,Unknown,Premium,2,0,0,False,True,False,False,0,False,True,False,0,False,True,False,False,False,0,False,False,True,0,False,False,True,False,False,0,False,False,False,True,False,False,False,True,0
270,Female,Single,Graduate,295000,Government,1.3,Large Indian,Rented,66000.0,2,1,10300.0,20700.0,3100.0,7600.0,3800.0,Yes,3600.0,7380.0,2113000.0,698000.0,Education EMI,363000.0,29,Not_Eligible,500.0,0.012203389830508475,0.37796610169491524,1.708938918970267,1.0899999999999999,4.284745762711864,48.78048780487805,0.5,Unknown,Premium,2,1,1,True,False,False,False,0,True,False,False,0,True,False,False,False,False,0,False,False,True,0,False,True,False,False,False,0,False,False,False,True,False,False,False,True,0
480,Male,Married,Graduate,665000,Private,14.2,Large Indian,Own,0.0,2,1,2500.0,0.0,9200.0,15300.0,12800.0,Yes,9500.0,6960.0,2932000.0,837000.0,Vehicle EMI,245000.0,44,Not_Eligible,6020.0,0.014285714285714285,0.059849624060150375,5.711502782931354,4.26,2.518796992481203,136.49425287356323,0.5,Unknown,Premium,5,0,1,True,False,False,False,0,False,True,False,0,True,False,False,False,False,0,False,True,False,0,False,False,False,False,True,0,False,False,False,True,False,False,False,True,0
380,Male,Married,Graduate,200000,Private,2.1,Large Indian,Own,0.0,4,3,14800.0,20900.0,1100.0,3100.0,3700.0,No,0.0,7480.0,184000.0,95000.0,Vehicle EMI,238000.0,69,Not_Eligible,500.0,0.0,0.218,0.9523809523809524,0.63,0.653,0.0,0.75,Unknown,Premium,5,0,0,True,False,False,False,0,False,True,False,0,True,False,False,False,False,0,False,True,False,0,False,False,False,False,True,0,False,False,False,True,False,False,False,True,0
480,Male,Married,High School,429000,Self-employed,9.9,MNC,Family,0.0,3,2,2000.0,10600.0,5800.0,10500.0,5300.0,No,0.0,8210.0,3046000.0,1575000.0,Vehicle EMI,748000.0,75,Not_Eligible,5167.8,0.0,0.07972027972027972,0.7037433155080214,2.97,5.042890442890442,0.0,0.6666666666666666,Unknown,Premium,5,0,0,False,True,False,False,0,False,False,True,0,False,True,False,False,False,0,True,False,False,0,False,False,False,False,True,0,False,False,False,True,False,False,False,True,0
480,Female,Married,Graduate,1054000,Private,17.1,Large Indian,Family,0.0,2,1,6800.0,0.0,11600.0,29200.0,18000.0,Yes,14400.0,8500.0,3161000.0,649000.0,Home Appliances EMI,128000.0,36,Eligible,10668.0,0.01366223908918406,0.06223908918406072,21.13715277777778,5.13,1.5690702087286528,169.41176470588235,0.5,Unknown,Premium,2,0,1,True,False,False,False,0,False,True,False,0,True,False,False,False,False,0,True,False,False,0,False,False,True,False,False,0,False,False,False,True,False,False,False,True,0
320,Male,Married,Post Graduate,1273000,Private,0.5,Large Indian,Own,0.0,3,2,0.0,0.0,14700.0,20200.0,10200.0,Yes,34000.0,6260.0,7322000.0,1850000.0,Vehicle EMI,1224000.0,23,Not_Eligible,10796.8,0.02670856245090338,0.035428122545168896,4.240906507530549,0.15,3.172663000785546,543.1309904153354,0.6666666666666666,Unknown,Premium,5,0,1,False,False,True,False,0,False,True,False,0,True,False,False,False,False,0,False,True,False,0,False,False,False,False,True,0,False,False,False,True,False,False,False,True,0
480,M,Married,Post Graduate,296000,Private,24.3,Startup,Rented,67000.0,3,2,14500.0,0.0,4200.0,4900.0,5300.0,No,0.0,7060.0,1384000.0,722000.0,Education EMI,428000.0,25,Not_Eligible,500.0,0.0,0.3239864864864865,1.8700934579439252,7.29,3.3337837837837836,0.0,0.6666666666666666,Unknown,Premium,3,0,0,False,False,True,False,0,False,True,False,0,False,False,False,False,True,0,False,False,True,0,False,True,False,False,False,0,False,False,False,True,False,False,False,True,0
320,Female,Married,Professional,741000,Self-employed,0.5,Large Indian,Rented,242000.0,3,2,9500.0,0.0,5500.0,14900.0,6200.0,No,0.0,6180.0,1535000.0,345000.0,Vehicle EMI,692000.0,16,Not_Eligible,4968.0,0.0,0.3753036437246964,4.180816473988439,0.15,1.1079622132253713,0.0,0.6666666666666666,Unknown,Premium,2,0,0,False,False,False,True,0,False,False,True,0,True,False,False,False,False,0,False,False,True,0,False,False,False,False,True,0,False,False,False,True,False,False,False,True,0
480,Male,Married,Post Graduate,731000,Self-employed,0.6,Mid-size,Rented,246000.0,2,1,5000.0,0.0,9000.0,12600.0,4200.0,Yes,19000.0,6580.0,5172000.0,2306000.0,Personal Loan EMI,852000.0,29,Not_Eligible,500.0,0.025991792065663474,0.3786593707250342,1.7613728347094058,0.18,4.7228454172366625,288.7537993920973,0.5,Unknown,Premium,5,0,1,False,False,True,False,0,False,False,True,0,False,False,True,False,False,0,False,False,True,0,False,False,False,True,False,0,False,False,False,True,False,False,False,True,0
380,Female,Married,High School,317000,Self-employed,9.1,MNC,Family,0.0,4,3,0.0,0.0,2100.0,8500.0,2400.0,No,0.0,8410.0,2505000.0,532000.0,Education EMI,395000.0,22,Not_Eligible,11107.8,0.0,0.04100946372239748,3.498273878020713,2.73,4.16782334384858,0.0,0.75,Unknown,Premium,2,0,0,False,True,False,False,0,False,False,True,0,False,True,False,False,False,0,True,False,False,0,False,True,False,False,False,0,False,False,False,True,False,False,False,True,0
320,Female,Married,Graduate,356000,Private,1.0,MNC,Family,0.0,4,3,13800.0,7900.0,2000.0,8100.0,2200.0,No,0.0,6790.0,1395000.0,531000.0,Home Appliances EMI,99000.0,15,Not_Eligible,800.0,0.0,0.09550561797752809,21.68350168350168,0.3,2.462359550561798,0.0,0.75,Unknown,Premium,2,0,0,True,False,False,False,0,False,True,False,0,False,True,False,False,False,0,True,False,False,0,False,False,True,False,False,0,False,False,False,True,False,False,False,True,0
320,Female,Married,Graduate,483000,Self-employed,2.6,Large Indian,Own,0.0,5,4,8800.0,0.0,3300.0,9200.0,5500.0,No,0.0,7940.0,1724000.0,941000.0,Vehicle EMI,139000.0,23,Eligible,11610.0,0.0,0.05548654244306418,14.269627776040036,0.78,2.596687370600414,0.0,0.8,Unknown,Premium,2,0,0,True,False,False,False,0,False,False,True,0,True,False,False,False,False,0,False,True,False,0,False,False,False,False,True,0,False,False,False,True,False,False,False,True,0
580,Male,Married,Graduate,229000,Private,10.9,Small,Family,0.0,2,1,0.0,13400.0,1900.0,4600.0,3600.0,No,0.0,6460.0,259000.0,118000.0,Personal Loan EMI,818000.0,55,Not_Eligible,500.0,0.0,0.10262008733624454,0.456768170704601,3.27,0.7615720524017467,0.0,0.5,Unknown,Premium,5,0,0,True,False,False,False,0,False,True,False,0,False,False,False,True,False,0,True,False,False,0,False,False,False,True,False,0,False,False,False,True,False,False,False,True,0
480,Female,Single,Graduate,469000,Private,2.5,Startup,Family,0.0,2,1,11800.0,0.0,3500.0,13300.0,5800.0,No,0.0,7800.0,1042000.0,624000.0,Personal Loan EMI,850000.0,46,Not_Eligible,7500.0,0.0,0.07334754797441365,1.1115089514066496,0.75,1.6869936034115138,0.0,0.5,Unknown,Premium,2,1,0,True,False,False,False,0,False,True,False,0,False,False,False,False,True,0,True,False,False,0,False,False,False,True,False,0,False,False,False,True,False,False,False,True,0
380,Female,Married,Graduate,209000,Private,1.3,Mid-size,Rented,54000.0,5,4,8300.0,0.0,3100.0,3900.0,1800.0,Yes,3200.0,6400.0,1112000.0,367000.0,Home Appliances EMI,144000.0,7,Not_Eligible,500.0,0.015311004784688996,0.3401913875598086,13.363095238095237,0.39,3.181818181818182,50.0,0.8,Unknown,Premium,2,0,1,True,False,False,False,0,False,True,False,0,False,False,True,False,False,0,False,False,True,0,False,False,True,False,False,0,False,False,False,True,False,False,False,True,0
480,Female,Married,Graduate,980000,Private,2.5,MNC,Own,0.0,4,3,0.0,5000.0,14000.0,28200.0,12300.0,Yes,14100.0,6630.0,3043000.0,1109000.0,Home Appliances EMI,250000.0,17,Not_Eligible,8540.0,0.014387755102040817,0.060714285714285714,21.327058823529413,0.75,1.9210204081632654,212.66968325791856,0.75,Unknown,Premium,2,0,1,True,False,False,False,0,False,True,False,0,False,True,False,False,False,0,False,True,False,0,False,False,True,False,False,0,False,False,False,True,False,False,False,True,0
580,Female,Married,Post Graduate,367000,Private,14.0,Large Indian,Own,244070.0,3,2,0.0,21700.0,2500.0,9600.0,5600.0,Yes,5500.0,7210.0,826000.0,279000.0,Education EMI,382000.0,33,Not_Eligible,500.0,0.014986376021798364,0.7723978201634878,0.6189909566872918,4.2,1.3564032697547685,76.28294036061027,0.6666666666666666,Unknown,Premium,2,0,1,False,False,True,False,0,False,True,False,0,True,False,False,False,False,0,False,True,False,0,False,True,False,False,False,0,False,False,False,True,False,False,False,True,0
320,Female,Married,Graduate,655000,Self-employed,1.2,Large Indian,Rented,119000.0,2,1,5300.0,0.0,8500.0,14100.0,6200.0,No,0.0,7900.0,4908000.0,1892000.0,Personal Loan EMI,730000.0,25,Not_Eligible,11583.0,0.0,0.2337404580152672,2.75013698630137,0.36,4.730381679389313,0.0,0.5,Unknown,Premium,2,0,0,True,False,False,False,0,False,False,True,0,True,False,False,False,False,0,False,False,True,0,False,False,False,True,False,0,False,False,False,True,False,False,False,True,0
320,Male,Married,Graduate,484000,Government,1.9,Small,Rented,130000.0,3,2,2700.0,19100.0,5100.0,8700.0,5300.0,No,0.0,7100.0,1282000.0,629000.0,Education EMI,236000.0,39,Not_Eligible,500.0,0.0,0.353099173553719,3.4017818339852237,1.27,1.8392561983471074,0.0,0.6666666666666666,Unknown,Premium,5,0,0,True,False,False,False,0,True,False,False,0,False,False,False,True,False,0,False,False,True,0,False,True,False,False,False,0,False,False,False,True,False,False,False,True,0
380,Male,Married,Professional,419000,Private,11.4,MNC,Rented,76000.0,3,2,9600.0,0.0,4000.0,9800.0,2200.0,No,0.0,6920.0,936000.0,300000.0,Personal Loan EMI,496000.0,60,Not_Eligible,4350.0,0.0,0.24248210023866348,1.0665322580645162,3.42,1.3231503579952268,0.0,0.6666666666666666,Unknown,Premium,5,0,0,False,False,False,True,0,False,True,False,0,False,True,False,False,False,0,False,False,True,0,False,False,False,True,False,0,False,False,False,True,False,False,False,True,0
580,Female,Married,Graduate,883000,Private,11.8,MNC,Own,0.0,5,4,7300.0,16200.0,12500.0,16600.0,15600.0,Yes,14200.0,7460.0,835000.0,467000.0,Home Appliances EMI,188000.0,21,Not_Eligible,1652.0,0.01608154020385051,0.07723669309173273,20.278622087132725,3.54,0.6955832389580974,190.34852546916892,0.8,Unknown,Premium,2,0,1,True,False,False,False,0,False,True,False,0,False,True,False,False,False,0,False,True,False,0,False,False,True,False,False,0,False,False,False,True,False,False,False,True,0
270,Male,Single,Graduate,440000,Government,0.5,MNC,Family,0.0,3,2,8200.0,0.0,6300.0,6600.0,8100.0,No,0.0,6730.0,1471000.0,825000.0,Personal Loan EMI,963000.0,19,Not_Eligible,7400.0,0.0,0.06636363636363636,2.2451768049407006,0.85,2.4622727272727274,0.0,0.6666666666666666,Unknown,Premium,5,1,0,True,False,False,False,0,True,False,False,0,False,True,False,False,False,0,True,False,False,0,False,False,False,True,False,0,False,False,False,True,False,False,False,True,0
320,Female,Single,Graduate,415000,Private,1.1,Mid-size,Own,0.0,2,1,9900.0,0.0,4800.0,6900.0,7300.0,Yes,9800.0,6560.0,1969000.0,867000.0,E-commerce Shopping EMI,129000.0,5,Not_Eligible,980.0,0.023614457831325302,0.06963855421686747,58.34108527131783,0.33,3.1513253012048192,149.39024390243904,0.5,Unknown,Premium,2,1,1,True,False,False,False,0,False,True,False,0,False,False,True,False,False,0,False,True,False,0,True,False,False,False,False,0,False,False,False,True,False,False,False,True,0
320,Female,Married,Post Graduate,389000,Private,0.6,Mid-size,Family,0.0,2,1,11300.0,0.0,5600.0,9300.0,3100.0,Yes,4300.0,6530.0,2563000.0,1198000.0,Home Appliances EMI,273000.0,35,Not_Eligible,1632.4,0.011053984575835476,0.07532133676092545,3.719518576661434,0.18,4.4832904884318765,65.8499234303216,0.5,Unknown,Premium,2,0,1,False,False,True,False,0,False,True,False,0,False,False,True,False,False,0,True,False,False,0,False,False,True,False,False,0,False,False,False,True,False,False,False,True,0
380,Female,Single,Graduate,1390000,Private,2.6,MNC,Rented,330000.0,1,0,0.0,0.0,19100.0,32600.0,12300.0,Yes,36700.0,7190.0,1854000.0,706000.0,Home Appliances EMI,234000.0,21,Not_Eligible,1484.0,0.026402877697841727,0.28345323741007195,19.52177452177452,0.78,0.8382733812949641,510.4311543810848,0.0,Unknown,Premium,2,1,1,True,False,False,False,0,False,True,False,0,False,True,False,False,False,0,False,False,True,0,False,False,True,False,False,0,False,False,False,True,False,False,False,True,0
380,Female,Married,Post Graduate,260000,Private,2.0,Large Indian,Family,0.0,3,2,0.0,0.0,3400.0,7600.0,5000.0,No,0.0,8430.0,239000.0,112000.0,E-commerce Shopping EMI,93000.0,16,Not_Eligible,4800.0,0.0,0.06153846153846154,16.397849462365592,0.6,0.6261538461538462,0.0,0.6666666666666666,Unknown,Premium,2,0,0,False,False,True,False,0,False,True,False,0,True,False,False,False,False,0,True,False,False,0,True,False,False,False,False,0,False,False,False,True,False,False,False,True,0
380,Male,Married,Post Graduate,1065000,Government,6.2,Mid-size,Family,0.0,4,3,4200.0,24600.0,5500.0,18300.0,17200.0,No,0.0,7150.0,8418000.0,3360000.0,E-commerce Shopping EMI,179000.0,14,Eligible,22203.5,0.0,0.06553990610328639,39.71268954509178,2.5599999999999996,5.054647887323943,0.0,0.75,Unknown,Premium,5,0,0,False,False,True,False,0,True,False,False,0,False,False,True,False,False,0,True,False,False,0,True,False,False,False,False,0,False,False,False,True,False,False,False,True,0
480,Female,Married,High School,258000,Private,12.4,MNC,Rented,66000.0,3,2,0.0,0.0,3800.0,6600.0,3100.0,Yes,5800.0,7010.0,1247000.0,654000.0,Education EMI,378000.0,31,Not_Eligible,500.0,0.02248062015503876,0.3081395348837209,1.4738009899300222,3.7199999999999998,3.454263565891473,82.7389443651926,0.6666666666666666,Unknown,Premium,2,0,1,False,True,False,False,0,False,True,False,0,False,True,False,False,False,0,False,False,True,0,False,True,False,False,False,0,False,False,False,True,False,False,False,True,0
580,Male,Married,Professional,777000,Private,6.9,MNC,Own,0.0,2,1,5200.0,0.0,7400.0,19000.0,12000.0,Yes,12700.0,7010.0,4380000.0,1515000.0,Vehicle EMI,894000.0,20,Not_Eligible,7490.0,0.016344916344916346,0.05611325611325611,4.0307606263982105,2.07,3.424710424710425,181.16975748930102,0.5,Unknown,Premium,5,0,1,False,False,False,True,0,False,True,False,0,False,True,False,False,False,0,False,True,False,0,False,False,False,False,True,0,False,False,False,True,False,False,False,True,0
320,Female,Single,High School,845000,Private,1.0,MNC,Rented,213000.0,1,0,0.0,0.0,12600.0,23800.0,9900.0,No,0.0,7540.0,5386000.0,2309000.0,Personal Loan EMI,451000.0,27,Not_Eligible,11154.0,0.0,0.3068639053254438,4.8098874928143225,0.3,4.1891124260355035,0.0,0.0,Unknown,Premium,2,1,0,False,True,False,False,0,False,True,False,0,False,True,False,False,False,0,False,False,True,0,False,False,False,True,False,0,False,False,False,True,False,False,False,True,0
480,Male,Single,Professional,620000,Private,3.0,MNC,Family,0.0,3,2,5900.0,0.0,4900.0,15900.0,7300.0,No,0.0,8050.0,1392000.0,586000.0,E-commerce Shopping EMI,178000.0,22,Eligible,16800.0,0.0,0.054838709677419356,14.964249233912156,0.8999999999999999,1.4651612903225808,0.0,0.6666666666666666,Unknown,Premium,5,1,0,False,False,False,True,0,False,True,False,0,False,True,False,False,False,0,True,False,False,0,True,False,False,False,False,0,False,False,False,True,False,False,False,True,0
580,Female,Married,Post Graduate,285000,Private,2.2,Large Indian,Own,0.0,4,3,11700.0,19700.0,3700.0,7500.0,3700.0,No,0.0,7390.0,961000.0,386000.0,E-commerce Shopping EMI,149000.0,23,Not_Eligible,500.0,0.0,0.1624561403508772,6.965275751386052,0.66,2.16140350877193,0.0,0.75,Unknown,Premium,2,0,0,False,False,True,False,0,False,True,False,0,True,False,False,False,False,0,False,True,False,0,True,False,False,False,False,0,False,False,False,True,False,False,False,True,0
270,Female,Single,Post Graduate,104590,Private,0.5,Small,Own,0.0,2,1,2200.0,0.0,8600.0,17800.0,8700.0,No,0.0,6620.0,4261000.0,2426000.0,Vehicle EMI,1319000.0,59,Not_Eligible,11044.0,0.0,0.3566306530261019,0.08646766297014945,0.15,30.21321350033464,0.0,0.5,Unknown,Premium,2,1,0,False,False,True,False,0,False,True,False,0,False,False,False,True,False,0,False,True,False,0,False,False,False,False,True,0,False,False,False,True,False,False,False,True,0
380,Male,Married,Graduate,409000,Private,3.2,Startup,Own,0.0,3,2,5500.0,24500.0,6000.0,9100.0,7800.0,No,0.0,5950.0,3029000.0,825000.0,Home Appliances EMI,236000.0,15,Not_Eligible,500.0,0.0,0.1293398533007335,10.059322033898304,0.96,4.1726161369193155,0.0,0.6666666666666666,Unknown,Premium,5,0,0,True,False,False,False,0,False,True,False,0,False,False,False,False,True,0,False,True,False,0,False,False,True,False,False,0,False,False,False,True,False,False,False,True,0
320,Male,Single,Graduate,510000,Private,2.1,Startup,Rented,175000.0,2,1,0.0,0.0,4000.0,10800.0,4600.0,No,0.0,7130.0,1959000.0,409000.0,Education EMI,169000.0,42,Eligible,7050.0,0.0,0.3811764705882353,4.4463229078613695,0.63,2.0176470588235293,0.0,0.5,Unknown,Premium,5,1,0,True,False,False,False,0,False,True,False,0,False,False,False,False,True,0,False,False,True,0,False,True,False,False,False,0,False,False,False,True,False,False,False,True,0
380,male,Married,Professional,851000,Government,5.2,Startup,Rented,241000.0,4,3,9400.0,0.0,8800.0,19300.0,7300.0,No,0.0,6730.0,4935000.0,1196000.0,Personal Loan EMI,497000.0,21,Not_Eligible,8910.0,0.0,0.33584018801410104,5.415349238286864,2.26,3.1628672150411283,0.0,0.75,Unknown,Premium,7,0,0,False,False,False,True,0,True,False,False,0,False,False,False,False,True,0,False,False,True,0,False,False,False,True,False,0,False,False,False,True,False,False,False,True,0
480,Male,Married,Graduate,407000,Private,12.9,Startup,Own,0.0,3,2,0.0,0.0,5400.0,8100.0,5300.0,No,0.0,5760.0,1417000.0,370000.0,Personal Loan EMI,106000.0,13,Not_Eligible,8760.0,0.0,0.046191646191646195,28.171262699564586,3.87,1.9380835380835382,0.0,0.6666666666666666,Unknown,Premium,5,0,0,True,False,False,False,0,False,True,False,0,False,False,False,False,True,0,False,True,False,0,False,False,False,True,False,0,False,False,False,True,False,False,False,True,0
270,Female,Single,Professional,270000,Private,5.0,Large Indian,Rented,55000.0,1,0,0.0,0.0,2500.0,7400.0,4300.0,No,0.0,6530.0,973000.0,367000.0,E-commerce Shopping EMI,116000.0,19,Not_Eligible,3650.0,0.0,0.2562962962962963,9.11070780399274,1.5,2.257037037037037,0.0,0.0,Unknown,Premium,2,1,0,False,False,False,True,0,False,True,False,0,True,False,False,False,False,0,False,False,True,0,True,False,False,False,False,0,False,False,False,True,False,False,False,True,0
480,Male,Married,Graduate,256000,Private,5.9,Startup,Own,0.0,4,3,12300.0,0.0,1300.0,7600.0,3300.0,Yes,3300.0,7800.0,1688000.0,568000.0,Home Appliances EMI,177000.0,15,Not_Eligible,500.0,0.012890625,0.095703125,8.595103578154426,1.77,3.96875,42.30769230769231,0.75,Unknown,Premium,5,0,1,True,False,False,False,0,False,True,False,0,False,False,False,False,True,0,False,True,False,0,False,False,True,False,False,0,False,False,False,True,False,False,False,True,0
380,Male,Married,Graduate,558000,Government,5.2,Startup,Rented,85000.0,2,1,0.0,12600.0,5100.0,9400.0,6000.0,Yes,9700.0,7470.0,3570000.0,1890000.0,Personal Loan EMI,634000.0,30,Not_Eligible,1905.75,0.017383512544802866,0.21164874551971327,2.2618296529968456,2.26,4.591397849462366,129.85274431057564,0.5,Unknown,Premium,5,0,1,True,False,False,False,0,True,False,False,0,False,False,False,False,True,0,False,False,True,0,False,False,False,True,False,0,False,False,False,True,False,False,False,True,0
270,Male,Married,Professional,637000,Private,4.2,MNC,Own,79170.0,5,4,3400.0,0.0,8200.0,14500.0,9600.0,Yes,16700.0,7010.0,3207000.0,1736000.0,Home Appliances EMI,103000.0,7,Not_Eligible,3955.0,0.02621664050235479,0.18032967032967032,70.1012482662968,1.26,3.648979591836735,238.23109843081315,0.8,Unknown,Premium,5,0,1,False,False,False,True,0,False,True,False,0,False,True,False,False,False,0,False,True,False,0,False,False,True,False,False,0,False,False,False,True,False,False,False,True,0
380,Male,Married,High School,365000,Self-employed,1.6,Large Indian,Own,0.0,4,3,0.0,0.0,2000.0,9800.0,5200.0,Yes,9600.0,7320.0,448000.0,164000.0,Home Appliances EMI,211000.0,19,Not_Eligible,2494.8,0.0263013698630137,0.04657534246575343,8.441007732601646,0.48,0.7605479452054795,131.14754098360655,0.75,Unknown,Premium,5,0,1,False,True,False,False,0,False,False,True,0,True,False,False,False,False,0,False,True,False,0,False,False,True,False,False,0,False,False,False,True,False,False,False,True,0
580,Male,Married,Post Graduate,968000,Private,11.7,Mid-size,Family,0.0,3,2,2100.0,0.0,12100.0,25400.0,14000.0,No,0.0,6440.0,5312000.0,3149000.0,Personal Loan EMI,178000.0,17,Eligible,17280.0,0.0,0.05537190082644628,30.21810971579643,3.51,4.146900826446281,0.0,0.6666666666666666,Unknown,Premium,5,0,0,False,False,True,False,0,False,True,False,0,False,False,True,False,False,0,True,False,False,0,False,False,False,True,False,0,False,False,False,True,False,False,False,True,0
480,Male,Married,Graduate,844000,Private,18.1,Mid-size,Family,0.0,3,2,0.0,0.0,5900.0,25200.0,8900.0,No,0.0,7760.0,4452000.0,1477000.0,Personal Loan EMI,157000.0,60,Eligible,26640.0,0.0,0.04739336492890995,8.535031847133757,5.430000000000001,3.1599526066350716,0.0,0.6666666666666666,Unknown,Premium,5,0,0,True,False,False,False,0,False,True,False,0,False,False,True,False,False,0,True,False,False,0,False,False,False,True,False,0,False,False,False,True,False,False,False,True,0
380,Female,Married,Graduate,393000,Private,8.2,MNC,Own,0.0,4,3,0.0,15700.0,5600.0,7500.0,4400.0,Yes,9700.0,6760.0,2800000.0,1269000.0,Home Appliances EMI,151000.0,23,Not_Eligible,500.0,0.024681933842239184,0.08447837150127227,10.080621940685287,2.4599999999999995,4.787277353689568,143.49112426035504,0.75,Unknown,Premium,2,0,1,True,False,False,False,0,False,True,False,0,False,True,False,False,False,0,False,True,False,0,False,False,True,False,False,0,False,False,False,True,False,False,False,True,0
380,Male,Married,Graduate,563000,Private,2.3,Small,Own,0.0,3,2,11700.0,0.0,7900.0,16600.0,6700.0,No,0.0,7340.0,1062000.0,367000.0,Personal Loan EMI,357000.0,31,Not_Eligible,5360.0,0.0,0.07619893428063944,4.699557242251739,0.69,1.1456483126110126,0.0,0.6666666666666666,Unknown,Premium,5,0,0,True,False,False,False,0,False,True,False,0,False,False,False,True,False,0,False,True,False,0,False,False,False,True,False,0,False,False,False,True,False,False,False,True,0
320,Female,Married,Graduate,465000,Private,3.1,Mid-size,Family,0.0,3,2,7700.0,0.0,3400.0,10100.0,5700.0,No,0.0,7250.0,3104000.0,828000.0,Vehicle EMI,718000.0,69,Not_Eligible,10780.0,0.0,0.057849462365591395,0.8843001897380002,0.9299999999999999,3.738494623655914,0.0,0.6666666666666666,Unknown,Premium,2,0,0,True,False,False,False,0,False,True,False,0,False,False,True,False,False,0,True,False,False,0,False,False,False,False,True,0,False,False,False,True,False,False,False,True,0
320,Male,Married,High School,922000,Private,2.7,Large Indian,Own,0.0,4,3,0.0,5800.0,13400.0,20700.0,7700.0,Yes,22200.0,6640.0,5846000.0,3084000.0,Home Appliances EMI,274000.0,9,Not_Eligible,8624.0,0.024078091106290674,0.051626898047722344,34.55798864557988,0.81,4.543167028199567,334.33734939759034,0.75,Unknown,Premium,5,0,1,False,True,False,False,0,False,True,False,0,True,False,False,False,False,0,False,True,False,0,False,False,True,False,False,0,False,False,False,True,False,False,False,True,0
380,Male,Single,Professional,535000,Private,1.3,MNC,Family,0.0,2,1,14700.0,18900.0,7200.0,11200.0,6400.0,Yes,6200.0,7280.0,1671000.0,799000.0,E-commerce Shopping EMI,38000.0,5,Not_Eligible,500.0,0.011588785046728972,0.1091588785046729,247.57894736842104,0.39,2.1454205607476635,85.16483516483517,0.5,Unknown,Premium,5,1,1,False,False,False,True,0,False,True,False,0,False,True,False,False,False,0,True,False,False,0,True,False,False,False,False,0,False,False,False,True,False,False,False,True,0
480,Male,Married,Graduate,370000,Government,0.5,MNC,Rented,72000.0,5,4,7300.0,0.0,2200.0,8900.0,2300.0,No,0.0,7510.0,2584000.0,707000.0,Personal Loan EMI,66000.0,52,Eligible,6006.0,0.0,0.25054054054054054,8.07983682983683,0.85,3.94,0.0,0.8,Unknown,Premium,5,0,0,True,False,False,False,0,True,False,False,0,False,True,False,False,False,0,False,False,True,0,False,False,False,True,False,0,False,False,False,True,False,False,False,True,0
320,Male,Single,Post Graduate,607760,Private,0.5,Mid-size,Rented,104000.0,2,1,13500.0,0.0,3800.0,17600.0,5700.0,Yes,6900.0,7050.0,3008000.0,1679000.0,Home Appliances EMI,157000.0,9,Not_Eligible,500.0,0.011353165723311834,0.23792286428853496,32.29016277423921,0.15,3.637291035935238,97.87234042553192,0.5,Unknown,Premium,5,1,1,False,False,True,False,0,False,True,False,0,False,False,True,False,False,0,False,False,True,0,False,False,True,False,False,0,False,False,False,True,False,False,False,True,0
320,Male,Married,Graduate,217000,Private,1.9,Mid-size,Own,0.0,4,3,2000.0,13600.0,2100.0,6200.0,3300.0,Yes,5900.0,7450.0,281000.0,61000.0,E-commerce Shopping EMI,147000.0,13,Not_Eligible,500.0,0.027188940092165898,0.12534562211981568,9.623233908948196,0.57,0.6866359447004609,79.19463087248322,0.75,Unknown,Premium,5,0,1,True,False,False,False,0,False,True,False,0,False,False,True,False,False,0,False,True,False,0,True,False,False,False,False,0,False,False,False,True,False,False,False,True,0
380,Female,Married,Post Graduate,959000,Private,3.3,MNC,Family,0.0,4,3,8600.0,0.0,7900.0,18400.0,17800.0,No,0.0,12000.0,6953000.0,3830000.0,Vehicle EMI,482000.0,19,Not_Eligible,23760.0,0.0,0.05495307612095933,9.896265560165975,0.9899999999999999,5.296350364963503,0.0,0.75,Unknown,Premium,2,0,0,False,False,True,False,0,False,True,False,0,False,True,False,False,False,0,True,False,False,0,False,False,False,False,True,0,False,False,False,True,False,False,False,True,0
480,Male,Married,Post Graduate,484000,Private,20.6,Startup,Own,0.0,3,2,0.0,0.0,4900.0,13000.0,8500.0,Yes,12200.0,6820.0,2546000.0,1298000.0,E-commerce Shopping EMI,141000.0,20,Not_Eligible,3430.0,0.025206611570247933,0.05454545454545454,15.794326241134751,6.180000000000001,3.7132231404958675,178.88563049853371,0.6666666666666666,Unknown,Premium,5,0,1,False,False,True,False,0,False,True,False,0,False,False,False,False,True,0,False,True,False,0,True,False,False,False,False,0,False,False,False,True,False,False,False,True,0
380,Female,Married,High School,476000,Private,7.1,Large Indian,Rented,139000.0,3,2,10500.0,0.0,4200.0,10200.0,8200.0,Yes,12600.0,6250.0,1138000.0,579000.0,Personal Loan EMI,68000.0,58,Not_Eligible,500.0,0.026470588235294117,0.3615546218487395,7.3859026369168355,2.13,1.6861344537815126,201.6,0.6666666666666666,Unknown,Premium,2,0,1,False,True,False,False,0,False,True,False,0,True,False,False,False,False,0,False,False,True,0,False,False,False,True,False,0,False,False,False,True,False,False,False,True,0
320,Male,Married,Post Graduate,643000,Private,5.5,Large Indian,Own,0.0,3,2,4400.0,0.0,3900.0,17900.0,10300.0,Yes,8000.0,7200.0,2454000.0,1354000.0,Personal Loan EMI,555000.0,14,Not_Eligible,6930.0,0.012441679626749611,0.056765163297045104,7.7027027027027035,1.65,2.7900466562986006,111.11111111111111,0.6666666666666666,Unknown,Premium,5,0,1,False,False,True,False,0,False,True,False,0,True,False,False,False,False,0,False,True,False,0,False,False,False,True,False,0,False,False,False,True,False,False,False,True,0
580,Male,Married,High School,55340,Government,3.3,MNC,Family,0.0,5,4,2500.0,0.0,7100.0,14300.0,10100.0,No,0.0,7410.0,676000.0,253000.0,Personal Loan EMI,724000.0,55,Not_Eligible,13508.0,0.0,0.6143838091796169,0.05359116022099447,1.69,7.629201301048067,0.0,0.8,Unknown,Medium,5,0,0,False,True,False,False,0,True,False,False,0,False,True,False,False,False,0,True,False,False,0,False,False,False,True,False,0,False,False,False,True,False,False,True,False,0
480,Male,Married,Graduate,598000,Government,6.9,Large Indian,Rented,91000.0,4,3,3200.0,0.0,7100.0,10500.0,10700.0,No,0.0,7770.0,3250000.0,1187000.0,Education EMI,450000.0,33,Not_Eligible,12672.0,0.0,0.2048494983277592,3.202020202020202,2.7699999999999996,3.364882943143813,0.0,0.75,Unknown,Premium,5,0,0,True,False,False,False,0,True,False,False,0,True,False,False,False,False,0,False,False,True,0,False,True,False,False,False,0,False,False,False,True,False,False,False,True,0
580,Male,Married,High School,239000,Private,2.6,MNC,Rented,79000.0,5,4,5100.0,0.0,2500.0,3900.0,4200.0,No,0.0,7040.0,317000.0,86000.0,Vehicle EMI,1316000.0,66,Not_Eligible,500.0,0.0,0.396234309623431,0.1661370544349268,0.78,0.7464435146443515,0.0,0.8,Unknown,Premium,5,0,0,False,True,False,False,0,False,True,False,0,False,True,False,False,False,0,False,False,True,0,False,False,False,False,True,0,False,False,False,True,False,False,False,True,0
580,Male,Married,High School,362000,Private,10.4,Mid-size,Own,0.0,5,4,8800.0,10300.0,4400.0,8000.0,7200.0,Yes,5500.0,6440.0,806000.0,216000.0,Home Appliances EMI,260000.0,11,Not_Eligible,500.0,0.015193370165745856,0.1069060773480663,11.111888111888112,3.12,1.2486187845303869,85.40372670807453,0.8,Unknown,Premium,5,0,1,False,True,False,False,0,False,True,False,0,False,False,True,False,False,0,False,True,False,0,False,False,True,False,False,0,False,False,False,True,False,False,False,True,0
380,Female,Married,Graduate,336000,Private,0.7,MNC,Rented,96000.0,3,2,0.0,0.0,3500.0,7000.0,2200.0,Yes,4600.0,6400.0,364000.0,86000.0,Vehicle EMI,1206000.0,79,Not_Eligible,1200.64,0.01369047619047619,0.3235119047619048,0.23374687742720993,0.21,0.5869047619047619,71.875,0.6666666666666666,Unknown,Premium,2,0,1,True,False,False,False,0,False,True,False,0,False,True,False,False,False,0,False,False,True,0,False,False,False,False,True,0,False,False,False,True,False,False,False,True,0
270,Male,Single,Graduate,864000,Private,2.7,Large Indian,Rented,222000.0,2,1,0.0,0.0,9400.0,25500.0,9000.0,Yes,12800.0,8110.0,6053000.0,1277000.0,Education EMI,289000.0,25,Not_Eligible,3465.0,0.014814814814814815,0.30775462962962963,8.101038062283736,0.81,3.6891203703703708,157.82983970406906,0.5,Unknown,Premium,5,1,1,True,False,False,False,0,False,True,False,0,True,False,False,False,False,0,False,False,True,0,False,True,False,False,False,0,False,False,False,True,False,False,False,True,0
380,Male,Married,Post Graduate,807000,Private,4.0,Startup,Rented,247000.0,3,2,10700.0,21700.0,6900.0,22200.0,4800.0,Yes,9900.0,6700.0,6222000.0,3022000.0,Home Appliances EMI,241000.0,13,Not_Eligible,500.0,0.012267657992565056,0.3882280049566295,15.442068305138845,1.2,5.330855018587361,147.76119402985074,0.6666666666666666,Unknown,Premium,5,0,1,False,False,True,False,0,False,True,False,0,False,False,False,False,True,0,False,False,True,0,False,False,True,False,False,0,False,False,False,True,False,False,False,True,0
580,M,Married,High School,264000,Private,36.0,Mid-size,Rented,52000.0,3,2,0.0,10700.0,1900.0,6400.0,3200.0,No,0.0,6680.0,945000.0,356000.0,E-commerce Shopping EMI,112000.0,23,Not_Eligible,500.0,0.0,0.28106060606060607,7.368012422360248,10.799999999999999,2.2409090909090907,0.0,0.6666666666666666,Unknown,Premium,3,0,0,False,True,False,False,0,False,True,False,0,False,False,True,False,False,0,False,False,True,0,True,False,False,False,False,0,False,False,False,True,False,False,False,True,0
270,Male,Married,Post Graduate,327000,Private,0.7,Mid-size,Family,0.0,3,2,0.0,9000.0,4400.0,6700.0,4600.0,No,0.0,5230.0,342000.0,105000.0,Education EMI,457000.0,7,Not_Eligible,1280.0,0.0,0.07553516819571865,9.449828071272274,0.21,0.6110091743119266,0.0,0.6666666666666666,Unknown,Premium,5,0,0,False,False,True,False,0,False,True,False,0,False,False,True,False,False,0,True,False,False,0,False,True,False,False,False,0,False,False,False,True,False,False,False,True,0
580,Female,Married,Post Graduate,277000,Private,2.4,Startup,Rented,69000.0,2,1,11200.0,0.0,2600.0,4200.0,3500.0,No,0.0,7780.0,181000.0,88000.0,Education EMI,491000.0,33,Not_Eligible,500.0,0.0,0.3267148014440433,1.1510214157872,0.72,0.451985559566787,0.0,0.5,Unknown,Premium,2,0,0,False,False,True,False,0,False,True,False,0,False,False,False,False,True,0,False,False,True,0,False,True,False,False,False,0,False,False,False,True,False,False,False,True,0
320,Male,Married,Post Graduate,230000,Private,4.2,Small,Rented,71000.0,2,1,9000.0,0.0,1900.0,5000.0,3100.0,No,0.0,7100.0,1064000.0,463000.0,Education EMI,139000.0,15,Not_Eligible,500.0,0.0,0.391304347826087,6.71462829736211,1.26,3.058260869565218,0.0,0.5,Unknown,Premium,5,0,0,False,False,True,False,0,False,True,False,0,False,False,False,True,False,0,False,False,True,0,False,True,False,False,False,0,False,False,False,True,False,False,False,True,0
270,Male,Single,Post Graduate,942000,Private,0.5,Small,Rented,165000.0,3,2,0.0,21800.0,5400.0,21300.0,16600.0,No,0.0,7150.0,856000.0,467000.0,Vehicle EMI,1174000.0,35,Not_Eligible,4032.0,0.0,0.24426751592356688,1.7325383304940374,0.15,0.6609341825902335,0.0,0.6666666666666666,Unknown,Premium,5,1,0,False,False,True,False,0,False,True,False,0,False,False,False,True,False,0,False,False,True,0,False,False,False,False,True,0,False,False,False,True,False,False,False,True,0
480,Male,Married,Graduate,187000,Self-employed,6.6,Startup,Family,0.0,4,3,0.0,15100.0,1500.0,3900.0,2100.0,Yes,4300.0,6520.0,197000.0,60000.0,Vehicle EMI,1011000.0,40,Not_Eligible,500.0,0.022994652406417113,0.12085561497326203,0.3958951533135509,1.9799999999999998,0.613903743315508,65.95092024539878,0.75,Unknown,Premium,5,0,1,True,False,False,False,0,False,False,True,0,False,False,False,False,True,0,True,False,False,0,False,False,False,False,True,0,False,False,False,True,False,False,False,True,0
480,Male,Married,Post Graduate,1110000,Private,1.7,Large Indian,Rented,0.0,4,3,3800.0,0.0,11200.0,28200.0,8700.0,No,0.0,8030.0,983000.0,292000.0,Education EMI,311000.0,24,Eligible,20160.0,0.0,0.04675675675675676,14.176045016077172,0.51,0.5120720720720721,0.0,0.75,Unknown,Premium,5,0,0,False,False,True,False,0,False,True,False,0,True,False,False,False,False,0,False,False,True,0,False,True,False,False,False,0,False,False,False,True,False,False,False,True,0
380,Male,Married,Professional,413000,Private,0.8,MNC,Family,0.0,3,2,5600.0,8500.0,3900.0,8200.0,7600.0,No,0.0,7690.0,2129000.0,979000.0,Personal Loan EMI,864000.0,18,Not_Eligible,3600.0,0.0,0.08184019370460048,2.4382716049382713,0.24,3.4842615012106535,0.0,0.6666666666666666,Unknown,Premium,5,0,0,False,False,False,True,0,False,True,False,0,False,True,False,False,False,0,True,False,False,0,False,False,False,True,False,0,False,False,False,True,False,False,False,True,0
380,Male,Married,Graduate,420000,Private,4.5,Large Indian,Own,0.0,2,1,5900.0,5300.0,5100.0,7400.0,4600.0,No,0.0,7160.0,3278000.0,725000.0,Vehicle EMI,1397000.0,33,Not_Eligible,7535.0,0.0,0.06738095238095237,0.849656189670506,1.3499999999999999,4.157619047619048,0.0,0.5,Unknown,Premium,5,0,0,True,False,False,False,0,False,True,False,0,True,False,False,False,False,0,False,True,False,0,False,False,False,False,True,0,False,False,False,True,False,False,False,True,0
320,Female,Married,Graduate,377000,Government,0.5,MNC,Own,0.0,3,2,3500.0,6100.0,3300.0,9900.0,5300.0,No,0.0,8500.0,872000.0,464000.0,Vehicle EMI,1401000.0,40,Not_Eligible,5760.0,0.0,0.07453580901856764,0.6225910064239829,0.85,1.663660477453581,0.0,0.6666666666666666,Unknown,Premium,2,0,0,True,False,False,False,0,True,False,False,0,False,True,False,False,False,0,False,True,False,0,False,False,False,False,True,0,False,False,False,True,False,False,False,True,0
480,Female,Married,High School,507000,Private,8.3,MNC,Own,0.0,3,2,7600.0,0.0,3900.0,8200.0,7500.0,No,0.0,7080.0,1707000.0,923000.0,Personal Loan EMI,694000.0,12,Not_Eligible,11750.0,0.0,0.053648915187376724,5.761287223823247,2.49,2.43905325443787,0.0,0.6666666666666666,Unknown,Premium,2,0,0,False,True,False,False,0,False,True,False,0,False,True,False,False,False,0,False,True,False,0,False,False,False,True,False,0,False,False,False,True,False,False,False,True,0
580,Male,Married,Graduate,483000,Private,36.0,Mid-size,Own,0.0,3,2,0.0,0.0,4200.0,14000.0,8300.0,No,0.0,7360.0,2506000.0,706000.0,Home Appliances EMI,149000.0,33,Eligible,10900.0,0.0,0.054865424430641824,9.284116331096197,10.799999999999999,2.9523809523809526,0.0,0.6666666666666666,Unknown,Premium,5,0,0,True,False,False,False,0,False,True,False,0,False,False,True,False,False,0,False,True,False,0,False,False,True,False,False,0,False,False,False,True,False,False,False,True,0
380,Female,Married,Graduate,845000,Private,0.5,Large Indian,Family,0.0,2,1,13100.0,0.0,5300.0,20100.0,6900.0,No,0.0,6750.0,4115000.0,944000.0,E-commerce Shopping EMI,162000.0,17,Eligible,15640.0,0.0,0.053727810650887574,29.03413217138707,0.15,2.618224852071006,0.0,0.5,Unknown,Premium,2,0,0,True,False,False,False,0,False,True,False,0,True,False,False,False,False,0,True,False,False,0,True,False,False,False,False,0,False,False,False,True,False,False,False,True,0
380,Male,Married,Graduate,804000,Private,6.1,Mid-size,Rented,160000.0,2,1,6600.0,0.0,7400.0,21100.0,11900.0,Yes,9300.0,7470.0,5773000.0,2887000.0,E-commerce Shopping EMI,115000.0,8,Not_Eligible,3118.5,0.011567164179104477,0.2574626865671642,63.880434782608695,1.8299999999999998,5.026616915422886,124.49799196787149,0.5,Unknown,Premium,5,0,1,True,False,False,False,0,False,True,False,0,False,False,True,False,False,0,False,False,True,0,True,False,False,False,False,0,False,False,False,True,False,False,False,True,0
380,Female,Married,High School,760000,Private,0.6,Small,Family,68430.0,4,3,12800.0,0.0,9000.0,19200.0,7800.0,Yes,18000.0,5880.0,511000.0,162000.0,Personal Loan EMI,82000.0,57,Not_Eligible,1648.64,0.02368421052631579,0.15425,13.366923406076166,0.18,0.3968421052631579,306.12244897959187,0.75,Unknown,Premium,2,0,1,False,True,False,False,0,False,True,False,0,False,False,False,True,False,0,True,False,False,0,False,False,False,True,False,0,False,False,False,True,False,False,False,True,0
370,Female,Married,Professional,581070,Private,5.5,MNC,Rented,162000.0,4,3,4700.0,0.0,7700.0,16300.0,10400.0,Yes,14800.0,6470.0,2777000.0,1022000.0,Education EMI,318000.0,47,Not_Eligible,500.0,0.02547025315366479,0.346085669540675,2.4432624113475176,1.65,2.966940299791763,228.74806800618236,0.75,Unknown,Premium,2,0,1,False,False,False,True,0,False,True,False,0,False,True,False,False,False,0,False,False,True,0,False,True,False,False,False,0,False,False,False,True,False,False,False,True,0
480,Male,Married,High School,154000,Private,0.5,Large Indian,Rented,25000.0,2,1,0.0,0.0,1000.0,2700.0,2400.0,Yes,3600.0,5310.0,105000.0,35000.0,Personal Loan EMI,514000.0,51,Not_Eligible,500.0,0.023376623376623377,0.20194805194805196,0.4551003280689708,0.15,0.40909090909090906,67.79661016949153,0.5,Unknown,Premium,5,0,1,False,True,False,False,0,False,True,False,0,True,False,False,False,False,0,False,False,True,0,False,False,False,True,False,0,False,False,False,True,False,False,False,True,0
580,Female,Married,Professional,829000,Self-employed,9.1,Mid-size,Rented,199000.0,2,1,0.0,0.0,7000.0,20800.0,10500.0,Yes,14900.0,7520.0,1299000.0,349000.0,E-commerce Shopping EMI,22000.0,16,Eligible,2963.52,0.017973462002412545,0.286248492159228,163.86363636363637,2.73,0.879372738238842,198.13829787234042,0.5,Unknown,Premium,2,0,1,False,False,False,True,0,False,False,True,0,False,False,True,False,False,0,False,False,True,0,True,False,False,False,False,0,False,False,False,True,False,False,False,True,0
270,Male,Single,Graduate,370000,Private,4.4,Large Indian,Rented,97000.0,3,2,0.0,0.0,3000.0,6900.0,5500.0,No,0.0,6980.0,1034000.0,573000.0,Education EMI,305000.0,35,Not_Eligible,5950.0,0.0,0.3037837837837838,2.413114754098361,1.32,2.0470270270270268,0.0,0.6666666666666666,Unknown,Premium,5,1,0,True,False,False,False,0,False,True,False,0,True,False,False,False,False,0,False,False,True,0,False,True,False,False,False,0,False,False,False,True,False,False,False,True,0
320,Female,Married,Graduate,528000,Private,4.2,Mid-size,Rented,139000.0,4,3,0.0,0.0,5700.0,14500.0,5300.0,Yes,5900.0,6810.0,3944000.0,1467000.0,Personal Loan EMI,251000.0,18,Not_Eligible,2887.5,0.011174242424242425,0.3115530303030303,7.915006640106241,1.26,4.654924242424243,86.6372980910426,0.75,Unknown,Premium,2,0,1,True,False,False,False,0,False,True,False,0,False,False,True,False,False,0,False,False,True,0,False,False,False,True,False,0,False,False,False,True,False,False,False,True,0
320,Male,Single,Post Graduate,325000,Private,8.8,Mid-size,Own,0.0,1,0,0.0,0.0,3800.0,7000.0,2800.0,No,0.0,6900.0,687000.0,277000.0,Education EMI,331000.0,48,High_Risk,9450.0,0.0,0.041846153846153845,1.9599697885196374,2.64,1.356923076923077,0.0,0.0,Unknown,Premium,5,1,0,False,False,True,False,0,False,True,False,0,False,False,True,False,False,0,False,True,False,0,False,True,False,False,False,0,False,False,False,True,False,False,False,True,0
320,Female,Single,Graduate,380000,Private,5.6,MNC,Rented,104000.0,2,1,3400.0,0.0,4200.0,8500.0,5300.0,No,0.0,6860.0,1208000.0,475000.0,Home Appliances EMI,276000.0,18,Not_Eligible,3100.0,0.0,0.33,5.124798711755234,1.68,2.021578947368421,0.0,0.5,Unknown,Premium,2,1,0,True,False,False,False,0,False,True,False,0,False,True,False,False,False,0,False,False,True,0,False,False,True,False,False,0,False,False,False,True,False,False,False,True,0
380,Female,Married,Professional,490000,Private,5.4,Large Indian,Own,0.0,3,2,9500.0,0.0,6000.0,9100.0,3300.0,No,0.0,6560.0,1107000.0,603000.0,Vehicle EMI,1253000.0,67,Not_Eligible,10550.0,0.0,0.056938775510204084,0.5504401376993723,1.62,1.642040816326531,0.0,0.6666666666666666,Unknown,Premium,2,0,0,False,False,False,True,0,False,True,False,0,True,False,False,False,False,0,False,True,False,0,False,False,False,False,True,0,False,False,False,True,False,False,False,True,0
